Workbook
Name PROJECT_Name: 'PROJECT'!$B$3
Name PROJECT_Number: 'PROJECT'!$B$4
Name PROJECT_MS4: 'PROJECT'!$B$5
Name PROJECT_AWDZ: 'PROJECT'!$B$6
Name PROJECT_DOEEReview: 'PROJECT'!$B$7
Name PROJECT_TotalLOD: 'PROJECT'!$B$8
Name PROJECT_Rainfall: 'PROJECT'!$B$9
Name PROJECT_Trigger: 'PROJECT'!$B$10
Name PROJECT_EISA: 'PROJECT'!$B$11
Name PARAMS_Rv: 'PARAMS'!$A$7:$B$11
Name PARAMS_CN: 'PARAMS'!$A$15:$E$18
Name PARAMS_Horton: 'PARAMS'!$A$22:$C$25
Name PARAMS_Depression: 'PARAMS'!$A$30:$B$32
Name PARAMS_BMP: 'PARAMS'!$A$36:$G$42
Name PARAMS_Trees: 'PARAMS'!$A$46:$C$51
Name PARAMS_Detention: 'PARAMS'!$A$55:$B$57
Name PARAMS_DetentionCN: 'PARAMS'!$A$61:$B$64
Name PARAMS_HortonLossB: 'PARAMS'!$B$26
Name PARAMS_HortonLossC: 'PARAMS'!$C$26
Name PARAMS_Ksat: 'PARAMS'!$A$68:$B$71
Name SDA_IDs: 'SDA'!$A$58:$A$67
Name CDA_IDs: 'CDA'!$A$58:$A$67

Sheet PROJECT
A1: PROJECT — Project Header (enter once)
A3: Project Name
A4: Project Number
A5: MS4 / CSS
A6: In AWDZ?
A7: DOEE Plan Review No.
A8: Total LOD Area (SF)
A9: 95th Percentile Storm Depth (in) | B9: 1.7
A10: Trigger Type
A11: EISA Section 438 Applies?

Sheet PARAMS
A1: PARAMS — Locked Lookup Tables (do not edit)
A5: Runoff Coefficients (Rv) for SWRv
A6: Land Use | B6: Rv
A7: Impervious Vehicular | B7: 0.95
A8: Impervious Non-Vehicular | B8: 0.95
A9: Compacted (Open Space) | B9: 0.25
A10: Natural (Woods) | B10: 0
A11: BMP | B11: 0
A13: TR-55 Curve Numbers by Land Use × HSG
A14: Land Use | B14: HSG A | C14: HSG B | D14: HSG C | E14: HSG D
A15: Impervious | B15: 98 | C15: 98 | D15: 98 | E15: 98
A16: BMP | B16: 98 | C16: 98 | D16: 98 | E16: 98
A17: Natural (Woods) | B17: 25 | C17: 55 | D17: 70 | E17: 77
A18: Compacted (Open Space) | B18: 39 | C18: 61 | D18: 74 | E18: 80
A20: Horton Infiltration Parameters
A21: Parameter | B21: HSG B | C21: HSG C
A22: f_max (in/hr) | B22: 5 | C22: 3
A23: f_min (in/hr) | B23: 0.3 | C23: 0.1
A24: k (1/hr) | B24: 2 | C24: 3.5
A25: Δt (hr) | B25: 0.5 | C25: 0.5
A26: Infil Loss over 24 hr (in) | B26: 9.55 | C26: 3.2285714
A28: Depression Storage
A29: Surface | B29: Depth (in)
A30: Impervious (roof/pavement) | B30: 0.1
A31: Pervious | B31: 0.2
A32: BMP surface | B32: 0.1
A34: BMP Design Parameters
A35: BMP Type | B35: Sub-Type | C35: n_media | D35: n_gravel | E35: n_reservoir | F35: Ret. Multiplier | G35: Max Drawdown (days)
A36: Permeable Pavement | B36: Enhanced | C36: — | D36: — | E36: 0.4 | F36: 1 | G36: 2
A37: Permeable Pavement | B37: Underdrained Enhanced | C37: — | D37: — | E37: 0.4 | F37: 0.6 | G37: 2
A38: Bioretention | B38: Standard | C38: 0.4 | D38: 0.4 | E38: — | F38: 0.6 | G38: 3
A39: Bioretention | B39: Enhanced | C39: 0.4 | D39: 0.4 | E39: — | F39: 1 | G39: 3
A40: Bioretention | B40: Enhanced w/ Underdrain | C40: 0.4 | D40: 0.4 | E40: — | F40: 0.6 | G40: 3
A41: Dry Swale | B41: — | C41: 0.4 | D41: 0.4 | E41: — | F41: 0.6 | G41: 3
A42: Wet Swale | B42: — | C42: — | D42: — | E42: — | F42: 0.1 | G42: —
A44: Tree Credits
A45: Code | B45: Description | C45: Rv per unit (CF)
A46: T-1 Small | B46: Planted small tree | C46: 5
A47: T-1 Large | B47: Planted large tree | C47: 10
A48: T-2 Small | B48: Preserved small tree | C48: 10
A49: T-2 Large | B49: Preserved large tree | C49: 20
A50: T-2 Special | B50: Preserved special tree | C50: 30
A51: T-2 Heritage | B51: Preserved heritage tree | C51: 40
A53: Detention Storm Depths (DC, from NRCS TR-55)
A54: Storm | B54: Depth (in)
A55: 2-year | B55: 3.14
A56: 15-year | B56: 5.23
A57: 100-year | B57: 8.34
A59: DOEE Detention CN Defaults
A60: Land Cover | B60: CN
A61: Natural | B61: 70
A62: Compacted | B62: 74
A63: Impervious | B63: 98
A64: BMP | B64: 98
A66: Default Ksat by HSG (ft/day)
A67: HSG | B67: Ksat (ft/day)
A68: A | B68: 4.8
A69: B | B69: 1
A70: C | B70: 0.2
A71: D | B71: 0.06

Sheet SDA
A1: SDA — Site Drainage Areas (one row per SDA × Land Use × HSG)
A3: SDA_ID | B3: In PROW? | C3: Land Use | D3: HSG | E3: Pre Within LOD (SF) | F3: Pre Outside LOD (SF) | G3: Post Within LOD (SF) | H3: Post Outside LOD (SF) | I3: Rv | J3: Rainfall (in) | K3: Pre SWRv Within (CF) | L3: Pre SWRv Outside (CF) | M3: Post SWRv Within (CF) | N3: Post SWRv Outside (CF)
I4: =IFERROR(VLOOKUP(C4,PARAMS_Rv,2,FALSE),"") | J4: =IF(B4="Yes",0,PROJECT_Rainfall) | K4: =IFERROR(E4*I4*J4/12,0) | L4: =IFERROR(F4*I4*J4/12,0) | M4: =IFERROR(G4*I4*J4/12,0) | N4: =IFERROR(H4*I4*J4/12,0)
I5: =IFERROR(VLOOKUP(C5,PARAMS_Rv,2,FALSE),"") | J5: =IF(B5="Yes",0,PROJECT_Rainfall) | K5: =IFERROR(E5*I5*J5/12,0) | L5: =IFERROR(F5*I5*J5/12,0) | M5: =IFERROR(G5*I5*J5/12,0) | N5: =IFERROR(H5*I5*J5/12,0)
I6: =IFERROR(VLOOKUP(C6,PARAMS_Rv,2,FALSE),"") | J6: =IF(B6="Yes",0,PROJECT_Rainfall) | K6: =IFERROR(E6*I6*J6/12,0) | L6: =IFERROR(F6*I6*J6/12,0) | M6: =IFERROR(G6*I6*J6/12,0) | N6: =IFERROR(H6*I6*J6/12,0)
I7: =IFERROR(VLOOKUP(C7,PARAMS_Rv,2,FALSE),"") | J7: =IF(B7="Yes",0,PROJECT_Rainfall) | K7: =IFERROR(E7*I7*J7/12,0) | L7: =IFERROR(F7*I7*J7/12,0) | M7: =IFERROR(G7*I7*J7/12,0) | N7: =IFERROR(H7*I7*J7/12,0)
I8: =IFERROR(VLOOKUP(C8,PARAMS_Rv,2,FALSE),"") | J8: =IF(B8="Yes",0,PROJECT_Rainfall) | K8: =IFERROR(E8*I8*J8/12,0) | L8: =IFERROR(F8*I8*J8/12,0) | M8: =IFERROR(G8*I8*J8/12,0) | N8: =IFERROR(H8*I8*J8/12,0)
I9: =IFERROR(VLOOKUP(C9,PARAMS_Rv,2,FALSE),"") | J9: =IF(B9="Yes",0,PROJECT_Rainfall) | K9: =IFERROR(E9*I9*J9/12,0) | L9: =IFERROR(F9*I9*J9/12,0) | M9: =IFERROR(G9*I9*J9/12,0) | N9: =IFERROR(H9*I9*J9/12,0)
I10: =IFERROR(VLOOKUP(C10,PARAMS_Rv,2,FALSE),"") | J10: =IF(B10="Yes",0,PROJECT_Rainfall) | K10: =IFERROR(E10*I10*J10/12,0) | L10: =IFERROR(F10*I10*J10/12,0) | M10: =IFERROR(G10*I10*J10/12,0) | N10: =IFERROR(H10*I10*J10/12,0)
I11: =IFERROR(VLOOKUP(C11,PARAMS_Rv,2,FALSE),"") | J11: =IF(B11="Yes",0,PROJECT_Rainfall) | K11: =IFERROR(E11*I11*J11/12,0) | L11: =IFERROR(F11*I11*J11/12,0) | M11: =IFERROR(G11*I11*J11/12,0) | N11: =IFERROR(H11*I11*J11/12,0)
I12: =IFERROR(VLOOKUP(C12,PARAMS_Rv,2,FALSE),"") | J12: =IF(B12="Yes",0,PROJECT_Rainfall) | K12: =IFERROR(E12*I12*J12/12,0) | L12: =IFERROR(F12*I12*J12/12,0) | M12: =IFERROR(G12*I12*J12/12,0) | N12: =IFERROR(H12*I12*J12/12,0)
I13: =IFERROR(VLOOKUP(C13,PARAMS_Rv,2,FALSE),"") | J13: =IF(B13="Yes",0,PROJECT_Rainfall) | K13: =IFERROR(E13*I13*J13/12,0) | L13: =IFERROR(F13*I13*J13/12,0) | M13: =IFERROR(G13*I13*J13/12,0) | N13: =IFERROR(H13*I13*J13/12,0)
I14: =IFERROR(VLOOKUP(C14,PARAMS_Rv,2,FALSE),"") | J14: =IF(B14="Yes",0,PROJECT_Rainfall) | K14: =IFERROR(E14*I14*J14/12,0) | L14: =IFERROR(F14*I14*J14/12,0) | M14: =IFERROR(G14*I14*J14/12,0) | N14: =IFERROR(H14*I14*J14/12,0)
I15: =IFERROR(VLOOKUP(C15,PARAMS_Rv,2,FALSE),"") | J15: =IF(B15="Yes",0,PROJECT_Rainfall) | K15: =IFERROR(E15*I15*J15/12,0) | L15: =IFERROR(F15*I15*J15/12,0) | M15: =IFERROR(G15*I15*J15/12,0) | N15: =IFERROR(H15*I15*J15/12,0)
... I53: =IFERROR(VLOOKUP(C53,PARAMS_Rv,2,FALSE),"") | J53: =IF(B53="Yes",0,PROJECT_Rainfall) | K53: =IFERROR(E53*I53*J53/12,0) | L53: =IFERROR(F53*I53*J53/12,0) | M53: =IFERROR(G53*I53*J53/12,0) | N53: =IFERROR(H53*I53*J53/12,0)
A56: SDA Summary (SUMIFS aggregation per SDA_ID)
A57: SDA_ID | B57: Pre Imp Total (SF) | C57: Pre Comp Total (SF) | D57: Pre Nat Total (SF) | E57: Pre BMP Total (SF) | F57: Post Imp Total (SF) | G57: Post Comp Total (SF) | H57: Post Nat Total (SF) | I57: Post BMP Total (SF) | J57: Post SWRv Required (CF)
A58: SDA-1 | B58: =SUMIFS($E$4:$E$53,$A$4:$A$53,A58,$C$4:$C$53,"Impervious Vehicular")+SUMIFS($E$4:$E$53,$A$4:$A$53,A58,$C$4:$C$53,"Impervious Non-Vehicular") | C58: =SUMIFS($E$4:$E$53,$A$4:$A$53,A58,$C$4:$C$53,"Compacted (Open Space)") | D58: =SUMIFS($E$4:$E$53,$A$4:$A$53,A58,$C$4:$C$53,"Natural (Woods)") | E58: =SUMIFS($E$4:$E$53,$A$4:$A$53,A58,$C$4:$C$53,"BMP") | F58: =SUMIFS($G$4:$G$53,$A$4:$A$53,A58,$C$4:$C$53,"Impervious Vehicular")+SUMIFS($G$4:$G$53,$A$4:$A$53,A58,$C$4:$C$53,"Impervious Non-Vehicular") | G58: =SUMIFS($G$4:$G$53,$A$4:$A$53,A58,$C$4:$C$53,"Compacted (Open Space)") | H58: =SUMIFS($G$4:$G$53,$A$4:$A$53,A58,$C$4:$C$53,"Natural (Woods)") | I58: =SUMIFS($G$4:$G$53,$A$4:$A$53,A58,$C$4:$C$53,"BMP") | J58: =SUMIFS($M$4:$M$53,$A$4:$A$53,A58)
A59: SDA-2 | B59: =SUMIFS($E$4:$E$53,$A$4:$A$53,A59,$C$4:$C$53,"Impervious Vehicular")+SUMIFS($E$4:$E$53,$A$4:$A$53,A59,$C$4:$C$53,"Impervious Non-Vehicular") | C59: =SUMIFS($E$4:$E$53,$A$4:$A$53,A59,$C$4:$C$53,"Compacted (Open Space)") | D59: =SUMIFS($E$4:$E$53,$A$4:$A$53,A59,$C$4:$C$53,"Natural (Woods)") | E59: =SUMIFS($E$4:$E$53,$A$4:$A$53,A59,$C$4:$C$53,"BMP") | F59: =SUMIFS($G$4:$G$53,$A$4:$A$53,A59,$C$4:$C$53,"Impervious Vehicular")+SUMIFS($G$4:$G$53,$A$4:$A$53,A59,$C$4:$C$53,"Impervious Non-Vehicular") | G59: =SUMIFS($G$4:$G$53,$A$4:$A$53,A59,$C$4:$C$53,"Compacted (Open Space)") | H59: =SUMIFS($G$4:$G$53,$A$4:$A$53,A59,$C$4:$C$53,"Natural (Woods)") | I59: =SUMIFS($G$4:$G$53,$A$4:$A$53,A59,$C$4:$C$53,"BMP") | J59: =SUMIFS($M$4:$M$53,$A$4:$A$53,A59)
A60: SDA-3 | B60: =SUMIFS($E$4:$E$53,$A$4:$A$53,A60,$C$4:$C$53,"Impervious Vehicular")+SUMIFS($E$4:$E$53,$A$4:$A$53,A60,$C$4:$C$53,"Impervious Non-Vehicular") | C60: =SUMIFS($E$4:$E$53,$A$4:$A$53,A60,$C$4:$C$53,"Compacted (Open Space)") | D60: =SUMIFS($E$4:$E$53,$A$4:$A$53,A60,$C$4:$C$53,"Natural (Woods)") | E60: =SUMIFS($E$4:$E$53,$A$4:$A$53,A60,$C$4:$C$53,"BMP") | F60: =SUMIFS($G$4:$G$53,$A$4:$A$53,A60,$C$4:$C$53,"Impervious Vehicular")+SUMIFS($G$4:$G$53,$A$4:$A$53,A60,$C$4:$C$53,"Impervious Non-Vehicular") | G60: =SUMIFS($G$4:$G$53,$A$4:$A$53,A60,$C$4:$C$53,"Compacted (Open Space)") | H60: =SUMIFS($G$4:$G$53,$A$4:$A$53,A60,$C$4:$C$53,"Natural (Woods)") | I60: =SUMIFS($G$4:$G$53,$A$4:$A$53,A60,$C$4:$C$53,"BMP") | J60: =SUMIFS($M$4:$M$53,$A$4:$A$53,A60)
A61: SDA-4 | B61: =SUMIFS($E$4:$E$53,$A$4:$A$53,A61,$C$4:$C$53,"Impervious Vehicular")+SUMIFS($E$4:$E$53,$A$4:$A$53,A61,$C$4:$C$53,"Impervious Non-Vehicular") | C61: =SUMIFS($E$4:$E$53,$A$4:$A$53,A61,$C$4:$C$53,"Compacted (Open Space)") | D61: =SUMIFS($E$4:$E$53,$A$4:$A$53,A61,$C$4:$C$53,"Natural (Woods)") | E61: =SUMIFS($E$4:$E$53,$A$4:$A$53,A61,$C$4:$C$53,"BMP") | F61: =SUMIFS($G$4:$G$53,$A$4:$A$53,A61,$C$4:$C$53,"Impervious Vehicular")+SUMIFS($G$4:$G$53,$A$4:$A$53,A61,$C$4:$C$53,"Impervious Non-Vehicular") | G61: =SUMIFS($G$4:$G$53,$A$4:$A$53,A61,$C$4:$C$53,"Compacted (Open Space)") | H61: =SUMIFS($G$4:$G$53,$A$4:$A$53,A61,$C$4:$C$53,"Natural (Woods)") | I61: =SUMIFS($G$4:$G$53,$A$4:$A$53,A61,$C$4:$C$53,"BMP") | J61: =SUMIFS($M$4:$M$53,$A$4:$A$53,A61)
A62: SDA-5 | B62: =SUMIFS($E$4:$E$53,$A$4:$A$53,A62,$C$4:$C$53,"Impervious Vehicular")+SUMIFS($E$4:$E$53,$A$4:$A$53,A62,$C$4:$C$53,"Impervious Non-Vehicular") | C62: =SUMIFS($E$4:$E$53,$A$4:$A$53,A62,$C$4:$C$53,"Compacted (Open Space)") | D62: =SUMIFS($E$4:$E$53,$A$4:$A$53,A62,$C$4:$C$53,"Natural (Woods)") | E62: =SUMIFS($E$4:$E$53,$A$4:$A$53,A62,$C$4:$C$53,"BMP") | F62: =SUMIFS($G$4:$G$53,$A$4:$A$53,A62,$C$4:$C$53,"Impervious Vehicular")+SUMIFS($G$4:$G$53,$A$4:$A$53,A62,$C$4:$C$53,"Impervious Non-Vehicular") | G62: =SUMIFS($G$4:$G$53,$A$4:$A$53,A62,$C$4:$C$53,"Compacted (Open Space)") | H62: =SUMIFS($G$4:$G$53,$A$4:$A$53,A62,$C$4:$C$53,"Natural (Woods)") | I62: =SUMIFS($G$4:$G$53,$A$4:$A$53,A62,$C$4:$C$53,"BMP") | J62: =SUMIFS($M$4:$M$53,$A$4:$A$53,A62)
A63: SDA-6 | B63: =SUMIFS($E$4:$E$53,$A$4:$A$53,A63,$C$4:$C$53,"Impervious Vehicular")+SUMIFS($E$4:$E$53,$A$4:$A$53,A63,$C$4:$C$53,"Impervious Non-Vehicular") | C63: =SUMIFS($E$4:$E$53,$A$4:$A$53,A63,$C$4:$C$53,"Compacted (Open Space)") | D63: =SUMIFS($E$4:$E$53,$A$4:$A$53,A63,$C$4:$C$53,"Natural (Woods)") | E63: =SUMIFS($E$4:$E$53,$A$4:$A$53,A63,$C$4:$C$53,"BMP") | F63: =SUMIFS($G$4:$G$53,$A$4:$A$53,A63,$C$4:$C$53,"Impervious Vehicular")+SUMIFS($G$4:$G$53,$A$4:$A$53,A63,$C$4:$C$53,"Impervious Non-Vehicular") | G63: =SUMIFS($G$4:$G$53,$A$4:$A$53,A63,$C$4:$C$53,"Compacted (Open Space)") | H63: =SUMIFS($G$4:$G$53,$A$4:$A$53,A63,$C$4:$C$53,"Natural (Woods)") | I63: =SUMIFS($G$4:$G$53,$A$4:$A$53,A63,$C$4:$C$53,"BMP") | J63: =SUMIFS($M$4:$M$53,$A$4:$A$53,A63)
A64: SDA-7 | B64: =SUMIFS($E$4:$E$53,$A$4:$A$53,A64,$C$4:$C$53,"Impervious Vehicular")+SUMIFS($E$4:$E$53,$A$4:$A$53,A64,$C$4:$C$53,"Impervious Non-Vehicular") | C64: =SUMIFS($E$4:$E$53,$A$4:$A$53,A64,$C$4:$C$53,"Compacted (Open Space)") | D64: =SUMIFS($E$4:$E$53,$A$4:$A$53,A64,$C$4:$C$53,"Natural (Woods)") | E64: =SUMIFS($E$4:$E$53,$A$4:$A$53,A64,$C$4:$C$53,"BMP") | F64: =SUMIFS($G$4:$G$53,$A$4:$A$53,A64,$C$4:$C$53,"Impervious Vehicular")+SUMIFS($G$4:$G$53,$A$4:$A$53,A64,$C$4:$C$53,"Impervious Non-Vehicular") | G64: =SUMIFS($G$4:$G$53,$A$4:$A$53,A64,$C$4:$C$53,"Compacted (Open Space)") | H64: =SUMIFS($G$4:$G$53,$A$4:$A$53,A64,$C$4:$C$53,"Natural (Woods)") | I64: =SUMIFS($G$4:$G$53,$A$4:$A$53,A64,$C$4:$C$53,"BMP") | J64: =SUMIFS($M$4:$M$53,$A$4:$A$53,A64)
A65: SDA-8 | B65: =SUMIFS($E$4:$E$53,$A$4:$A$53,A65,$C$4:$C$53,"Impervious Vehicular")+SUMIFS($E$4:$E$53,$A$4:$A$53,A65,$C$4:$C$53,"Impervious Non-Vehicular") | C65: =SUMIFS($E$4:$E$53,$A$4:$A$53,A65,$C$4:$C$53,"Compacted (Open Space)") | D65: =SUMIFS($E$4:$E$53,$A$4:$A$53,A65,$C$4:$C$53,"Natural (Woods)") | E65: =SUMIFS($E$4:$E$53,$A$4:$A$53,A65,$C$4:$C$53,"BMP") | F65: =SUMIFS($G$4:$G$53,$A$4:$A$53,A65,$C$4:$C$53,"Impervious Vehicular")+SUMIFS($G$4:$G$53,$A$4:$A$53,A65,$C$4:$C$53,"Impervious Non-Vehicular") | G65: =SUMIFS($G$4:$G$53,$A$4:$A$53,A65,$C$4:$C$53,"Compacted (Open Space)") | H65: =SUMIFS($G$4:$G$53,$A$4:$A$53,A65,$C$4:$C$53,"Natural (Woods)") | I65: =SUMIFS($G$4:$G$53,$A$4:$A$53,A65,$C$4:$C$53,"BMP") | J65: =SUMIFS($M$4:$M$53,$A$4:$A$53,A65)
A66: SDA-9 | B66: =SUMIFS($E$4:$E$53,$A$4:$A$53,A66,$C$4:$C$53,"Impervious Vehicular")+SUMIFS($E$4:$E$53,$A$4:$A$53,A66,$C$4:$C$53,"Impervious Non-Vehicular") | C66: =SUMIFS($E$4:$E$53,$A$4:$A$53,A66,$C$4:$C$53,"Compacted (Open Space)") | D66: =SUMIFS($E$4:$E$53,$A$4:$A$53,A66,$C$4:$C$53,"Natural (Woods)") | E66: =SUMIFS($E$4:$E$53,$A$4:$A$53,A66,$C$4:$C$53,"BMP") | F66: =SUMIFS($G$4:$G$53,$A$4:$A$53,A66,$C$4:$C$53,"Impervious Vehicular")+SUMIFS($G$4:$G$53,$A$4:$A$53,A66,$C$4:$C$53,"Impervious Non-Vehicular") | G66: =SUMIFS($G$4:$G$53,$A$4:$A$53,A66,$C$4:$C$53,"Compacted (Open Space)") | H66: =SUMIFS($G$4:$G$53,$A$4:$A$53,A66,$C$4:$C$53,"Natural (Woods)") | I66: =SUMIFS($G$4:$G$53,$A$4:$A$53,A66,$C$4:$C$53,"BMP") | J66: =SUMIFS($M$4:$M$53,$A$4:$A$53,A66)
A67: SDA-10 | B67: =SUMIFS($E$4:$E$53,$A$4:$A$53,A67,$C$4:$C$53,"Impervious Vehicular")+SUMIFS($E$4:$E$53,$A$4:$A$53,A67,$C$4:$C$53,"Impervious Non-Vehicular") | C67: =SUMIFS($E$4:$E$53,$A$4:$A$53,A67,$C$4:$C$53,"Compacted (Open Space)") | D67: =SUMIFS($E$4:$E$53,$A$4:$A$53,A67,$C$4:$C$53,"Natural (Woods)") | E67: =SUMIFS($E$4:$E$53,$A$4:$A$53,A67,$C$4:$C$53,"BMP") | F67: =SUMIFS($G$4:$G$53,$A$4:$A$53,A67,$C$4:$C$53,"Impervious Vehicular")+SUMIFS($G$4:$G$53,$A$4:$A$53,A67,$C$4:$C$53,"Impervious Non-Vehicular") | G67: =SUMIFS($G$4:$G$53,$A$4:$A$53,A67,$C$4:$C$53,"Compacted (Open Space)") | H67: =SUMIFS($G$4:$G$53,$A$4:$A$53,A67,$C$4:$C$53,"Natural (Woods)") | I67: =SUMIFS($G$4:$G$53,$A$4:$A$53,A67,$C$4:$C$53,"BMP") | J67: =SUMIFS($M$4:$M$53,$A$4:$A$53,A67)

Sheet CDA
A1: CDA — Contributing Drainage Areas (one row per CDA × Land Use × HSG)
A3: CDA_ID | B3: SDA_ID | C3: Land Use | D3: HSG | E3: Within LOD (SF) | F3: Outside LOD (SF) | G3: Rv | H3: CDA SWRv Within (CF) | I3: CDA SWRv Outside (CF)
G4: =IFERROR(VLOOKUP(C4,PARAMS_Rv,2,FALSE),"") | H4: =IFERROR(E4*G4*PROJECT_Rainfall/12,0) | I4: =IFERROR(F4*G4*PROJECT_Rainfall/12,0)
G5: =IFERROR(VLOOKUP(C5,PARAMS_Rv,2,FALSE),"") | H5: =IFERROR(E5*G5*PROJECT_Rainfall/12,0) | I5: =IFERROR(F5*G5*PROJECT_Rainfall/12,0)
G6: =IFERROR(VLOOKUP(C6,PARAMS_Rv,2,FALSE),"") | H6: =IFERROR(E6*G6*PROJECT_Rainfall/12,0) | I6: =IFERROR(F6*G6*PROJECT_Rainfall/12,0)
G7: =IFERROR(VLOOKUP(C7,PARAMS_Rv,2,FALSE),"") | H7: =IFERROR(E7*G7*PROJECT_Rainfall/12,0) | I7: =IFERROR(F7*G7*PROJECT_Rainfall/12,0)
G8: =IFERROR(VLOOKUP(C8,PARAMS_Rv,2,FALSE),"") | H8: =IFERROR(E8*G8*PROJECT_Rainfall/12,0) | I8: =IFERROR(F8*G8*PROJECT_Rainfall/12,0)
G9: =IFERROR(VLOOKUP(C9,PARAMS_Rv,2,FALSE),"") | H9: =IFERROR(E9*G9*PROJECT_Rainfall/12,0) | I9: =IFERROR(F9*G9*PROJECT_Rainfall/12,0)
G10: =IFERROR(VLOOKUP(C10,PARAMS_Rv,2,FALSE),"") | H10: =IFERROR(E10*G10*PROJECT_Rainfall/12,0) | I10: =IFERROR(F10*G10*PROJECT_Rainfall/12,0)
G11: =IFERROR(VLOOKUP(C11,PARAMS_Rv,2,FALSE),"") | H11: =IFERROR(E11*G11*PROJECT_Rainfall/12,0) | I11: =IFERROR(F11*G11*PROJECT_Rainfall/12,0)
G12: =IFERROR(VLOOKUP(C12,PARAMS_Rv,2,FALSE),"") | H12: =IFERROR(E12*G12*PROJECT_Rainfall/12,0) | I12: =IFERROR(F12*G12*PROJECT_Rainfall/12,0)
G13: =IFERROR(VLOOKUP(C13,PARAMS_Rv,2,FALSE),"") | H13: =IFERROR(E13*G13*PROJECT_Rainfall/12,0) | I13: =IFERROR(F13*G13*PROJECT_Rainfall/12,0)
G14: =IFERROR(VLOOKUP(C14,PARAMS_Rv,2,FALSE),"") | H14: =IFERROR(E14*G14*PROJECT_Rainfall/12,0) | I14: =IFERROR(F14*G14*PROJECT_Rainfall/12,0)
G15: =IFERROR(VLOOKUP(C15,PARAMS_Rv,2,FALSE),"") | H15: =IFERROR(E15*G15*PROJECT_Rainfall/12,0) | I15: =IFERROR(F15*G15*PROJECT_Rainfall/12,0)
... G53: =IFERROR(VLOOKUP(C53,PARAMS_Rv,2,FALSE),"") | H53: =IFERROR(E53*G53*PROJECT_Rainfall/12,0) | I53: =IFERROR(F53*G53*PROJECT_Rainfall/12,0)
A56: CDA Summary — Max BMP Credit per CDA (DOEE 1.7" cap)
A57: CDA_ID | B57: SDA_ID | C57: Total CDA Within LOD (SF) | D57: Max BMP Credit (CF)
A58: CDA-1 | B58: =IFERROR(INDEX($B$4:$B$53,MATCH(A58,$A$4:$A$53,0)),"") | C58: =SUMIFS($E$4:$E$53,$A$4:$A$53,A58) | D58: =C58*1.7/12
A59: CDA-2 | B59: =IFERROR(INDEX($B$4:$B$53,MATCH(A59,$A$4:$A$53,0)),"") | C59: =SUMIFS($E$4:$E$53,$A$4:$A$53,A59) | D59: =C59*1.7/12
A60: CDA-3 | B60: =IFERROR(INDEX($B$4:$B$53,MATCH(A60,$A$4:$A$53,0)),"") | C60: =SUMIFS($E$4:$E$53,$A$4:$A$53,A60) | D60: =C60*1.7/12
A61: CDA-4 | B61: =IFERROR(INDEX($B$4:$B$53,MATCH(A61,$A$4:$A$53,0)),"") | C61: =SUMIFS($E$4:$E$53,$A$4:$A$53,A61) | D61: =C61*1.7/12
A62: CDA-5 | B62: =IFERROR(INDEX($B$4:$B$53,MATCH(A62,$A$4:$A$53,0)),"") | C62: =SUMIFS($E$4:$E$53,$A$4:$A$53,A62) | D62: =C62*1.7/12
A63: CDA-6 | B63: =IFERROR(INDEX($B$4:$B$53,MATCH(A63,$A$4:$A$53,0)),"") | C63: =SUMIFS($E$4:$E$53,$A$4:$A$53,A63) | D63: =C63*1.7/12
A64: CDA-7 | B64: =IFERROR(INDEX($B$4:$B$53,MATCH(A64,$A$4:$A$53,0)),"") | C64: =SUMIFS($E$4:$E$53,$A$4:$A$53,A64) | D64: =C64*1.7/12
A65: CDA-8 | B65: =IFERROR(INDEX($B$4:$B$53,MATCH(A65,$A$4:$A$53,0)),"") | C65: =SUMIFS($E$4:$E$53,$A$4:$A$53,A65) | D65: =C65*1.7/12
A66: CDA-9 | B66: =IFERROR(INDEX($B$4:$B$53,MATCH(A66,$A$4:$A$53,0)),"") | C66: =SUMIFS($E$4:$E$53,$A$4:$A$53,A66) | D66: =C66*1.7/12
A67: CDA-10 | B67: =IFERROR(INDEX($B$4:$B$53,MATCH(A67,$A$4:$A$53,0)),"") | C67: =SUMIFS($E$4:$E$53,$A$4:$A$53,A67) | D67: =C67*1.7/12

Sheet BMP
A1: BMP — Best Management Practices (sizing + retention credits)
A2: Ksat auto-populates from PARAMS_Ksat (by CDA dominant HSG) only for Enhanced sub-types. Standard/lined BMPs show 0 (no native-soil infiltration). Override with a site-measured value if testing is available.
A3: BMP Name | B3: SDA_ID | C3: CDA_ID | D3: BMP Type | E3: Sub-Type | F3: PP Surface Area Aₚ (SF) | G3: PP Reservoir dₚ (ft) | H3: PP Sump d_sump (ft) | I3: PP Ksat (ft/day) | J3: PP n_reservoir | K3: PP Sv (CF) | L3: PP Drawdown (days) | M3: PP Drawdown ≤ 2? | N3: Bio SA_top (SF) | O3: Bio SA_bot (SF) | P3: Bio SA_avg (SF) | Q3: Bio d_media (ft) | R3: Bio n_media | S3: Bio d_gravel (ft) | T3: Bio n_gravel | U3: Bio d_pond (ft) | V3: Bio Ksat (ft/day) | W3: Bio Sv (CF) | X3: Bio Drawdown (days) | Y3: WS Pool Vol (CF) | Z3: WS ED Vol (CF) | AA3: WS Sv (CF) | AB3: # Planted Small | AC3: # Planted Large | AD3: # Preserved Small | AE3: # Preserved Large | AF3: # Preserved Special | AG3: # Preserved Heritage | AH3: Tree Rv Total (CF) | AI3: Sv Total (CF) | AJ3: Ret. Multiplier | AK3: Rv Uncapped (CF) | AL3: Max BMP Credit (CF) | AM3: Rv Applied (CF)
I4: =IFERROR(IF(OR(E4="Enhanced",E4="Underdrained Enhanced"),VLOOKUP(IF(SUMIFS('CDA'!$E$4:$E$53,'CDA'!$A$4:$A$53,C4,'CDA'!$D$4:$D$53,"D")>0,"D",IF(SUMIFS('CDA'!$E$4:$E$53,'CDA'!$A$4:$A$53,C4,'CDA'!$D$4:$D$53,"C")>0,"C",IF(SUMIFS('CDA'!$E$4:$E$53,'CDA'!$A$4:$A$53,C4,'CDA'!$D$4:$D$53,"B")>0,"B",IF(SUMIFS('CDA'!$E$4:$E$53,'CDA'!$A$4:$A$53,C4,'CDA'!$D$4:$D$53,"A")>0,"A","")))),PARAMS_Ksat,2,FALSE),0),0) | J4: =IFERROR(IF(AND(D4="Permeable Pavement",E4="Enhanced"),INDEX(PARAMS_BMP,1,5),IF(AND(D4="Permeable Pavement",E4="Underdrained Enhanced"),INDEX(PARAMS_BMP,2,5),IF(AND(D4="Bioretention",E4="Standard"),INDEX(PARAMS_BMP,3,5),IF(AND(D4="Bioretention",E4="Enhanced"),INDEX(PARAMS_BMP,4,5),IF(AND(D4="Bioretention",E4="Enhanced w/ Underdrain"),INDEX(PARAMS_BMP,5,5),IF(AND(D4="Dry Swale",E4="—"),INDEX(PARAMS_BMP,6,5),IF(AND(D4="Wet Swale",E4="—"),INDEX(PARAMS_BMP,7,5),""))))))),"") | K4: =IFERROR(F4*G4*J4,0) | L4: =IFERROR(IF(I4=0,"",G4/I4),"") | M4: =IFERROR(IF(L4="","",IF(L4<=2,"✓","✗")),"") | P4: =IFERROR((N4+O4)/2,0) | R4: =IFERROR(IF(AND(D4="Permeable Pavement",E4="Enhanced"),INDEX(PARAMS_BMP,1,3),IF(AND(D4="Permeable Pavement",E4="Underdrained Enhanced"),INDEX(PARAMS_BMP,2,3),IF(AND(D4="Bioretention",E4="Standard"),INDEX(PARAMS_BMP,3,3),IF(AND(D4="Bioretention",E4="Enhanced"),INDEX(PARAMS_BMP,4,3),IF(AND(D4="Bioretention",E4="Enhanced w/ Underdrain"),INDEX(PARAMS_BMP,5,3),IF(AND(D4="Dry Swale",E4="—"),INDEX(PARAMS_BMP,6,3),IF(AND(D4="Wet Swale",E4="—"),INDEX(PARAMS_BMP,7,3),""))))))),"") | T4: =IFERROR(IF(AND(D4="Permeable Pavement",E4="Enhanced"),INDEX(PARAMS_BMP,1,4),IF(AND(D4="Permeable Pavement",E4="Underdrained Enhanced"),INDEX(PARAMS_BMP,2,4),IF(AND(D4="Bioretention",E4="Standard"),INDEX(PARAMS_BMP,3,4),IF(AND(D4="Bioretention",E4="Enhanced"),INDEX(PARAMS_BMP,4,4),IF(AND(D4="Bioretention",E4="Enhanced w/ Underdrain"),INDEX(PARAMS_BMP,5,4),IF(AND(D4="Dry Swale",E4="—"),INDEX(PARAMS_BMP,6,4),IF(AND(D4="Wet Swale",E4="—"),INDEX(PARAMS_BMP,7,4),""))))))),"") | V4: =IFERROR(IF(OR(E4="Enhanced",E4="Enhanced w/ Underdrain"),VLOOKUP(IF(SUMIFS('CDA'!$E$4:$E$53,'CDA'!$A$4:$A$53,C4,'CDA'!$D$4:$D$53,"D")>0,"D",IF(SUMIFS('CDA'!$E$4:$E$53,'CDA'!$A$4:$A$53,C4,'CDA'!$D$4:$D$53,"C")>0,"C",IF(SUMIFS('CDA'!$E$4:$E$53,'CDA'!$A$4:$A$53,C4,'CDA'!$D$4:$D$53,"B")>0,"B",IF(SUMIFS('CDA'!$E$4:$E$53,'CDA'!$A$4:$A$53,C4,'CDA'!$D$4:$D$53,"A")>0,"A","")))),PARAMS_Ksat,2,FALSE),0),0) | W4: =IFERROR(P4*(Q4*R4+S4*T4+U4),0) | X4: =IFERROR(IF(V4=0,"",(Q4+S4)/V4),"") | AA4: =IFERROR(Y4+Z4,0) | AH4: =IFERROR(AB4*INDEX(PARAMS_Trees,1,3)+AC4*INDEX(PARAMS_Trees,2,3)+AD4*INDEX(PARAMS_Trees,3,3)+AE4*INDEX(PARAMS_Trees,4,3)+AF4*INDEX(PARAMS_Trees,5,3)+AG4*INDEX(PARAMS_Trees,6,3),0) | AI4: =IFERROR(K4+W4+AA4,0) | AJ4: =IFERROR(IF(AND(D4="Permeable Pavement",E4="Enhanced"),INDEX(PARAMS_BMP,1,6),IF(AND(D4="Permeable Pavement",E4="Underdrained Enhanced"),INDEX(PARAMS_BMP,2,6),IF(AND(D4="Bioretention",E4="Standard"),INDEX(PARAMS_BMP,3,6),IF(AND(D4="Bioretention",E4="Enhanced"),INDEX(PARAMS_BMP,4,6),IF(AND(D4="Bioretention",E4="Enhanced w/ Underdrain"),INDEX(PARAMS_BMP,5,6),IF(AND(D4="Dry Swale",E4="—"),INDEX(PARAMS_BMP,6,6),IF(AND(D4="Wet Swale",E4="—"),INDEX(PARAMS_BMP,7,6),""))))))),"") | AK4: =IFERROR(AI4*AJ4+AH4,0) | AL4: =IFERROR(VLOOKUP(C4,'CDA'!$A$58:$D$67,4,FALSE),0) | AM4: =IFERROR(IF(AL4=0,AK4,MIN(AK4,AL4)),0)
I5: =IFERROR(IF(OR(E5="Enhanced",E5="Underdrained Enhanced"),VLOOKUP(IF(SUMIFS('CDA'!$E$4:$E$53,'CDA'!$A$4:$A$53,C5,'CDA'!$D$4:$D$53,"D")>0,"D",IF(SUMIFS('CDA'!$E$4:$E$53,'CDA'!$A$4:$A$53,C5,'CDA'!$D$4:$D$53,"C")>0,"C",IF(SUMIFS('CDA'!$E$4:$E$53,'CDA'!$A$4:$A$53,C5,'CDA'!$D$4:$D$53,"B")>0,"B",IF(SUMIFS('CDA'!$E$4:$E$53,'CDA'!$A$4:$A$53,C5,'CDA'!$D$4:$D$53,"A")>0,"A","")))),PARAMS_Ksat,2,FALSE),0),0) | J5: =IFERROR(IF(AND(D5="Permeable Pavement",E5="Enhanced"),INDEX(PARAMS_BMP,1,5),IF(AND(D5="Permeable Pavement",E5="Underdrained Enhanced"),INDEX(PARAMS_BMP,2,5),IF(AND(D5="Bioretention",E5="Standard"),INDEX(PARAMS_BMP,3,5),IF(AND(D5="Bioretention",E5="Enhanced"),INDEX(PARAMS_BMP,4,5),IF(AND(D5="Bioretention",E5="Enhanced w/ Underdrain"),INDEX(PARAMS_BMP,5,5),IF(AND(D5="Dry Swale",E5="—"),INDEX(PARAMS_BMP,6,5),IF(AND(D5="Wet Swale",E5="—"),INDEX(PARAMS_BMP,7,5),""))))))),"") | K5: =IFERROR(F5*G5*J5,0) | L5: =IFERROR(IF(I5=0,"",G5/I5),"") | M5: =IFERROR(IF(L5="","",IF(L5<=2,"✓","✗")),"") | P5: =IFERROR((N5+O5)/2,0) | R5: =IFERROR(IF(AND(D5="Permeable Pavement",E5="Enhanced"),INDEX(PARAMS_BMP,1,3),IF(AND(D5="Permeable Pavement",E5="Underdrained Enhanced"),INDEX(PARAMS_BMP,2,3),IF(AND(D5="Bioretention",E5="Standard"),INDEX(PARAMS_BMP,3,3),IF(AND(D5="Bioretention",E5="Enhanced"),INDEX(PARAMS_BMP,4,3),IF(AND(D5="Bioretention",E5="Enhanced w/ Underdrain"),INDEX(PARAMS_BMP,5,3),IF(AND(D5="Dry Swale",E5="—"),INDEX(PARAMS_BMP,6,3),IF(AND(D5="Wet Swale",E5="—"),INDEX(PARAMS_BMP,7,3),""))))))),"") | T5: =IFERROR(IF(AND(D5="Permeable Pavement",E5="Enhanced"),INDEX(PARAMS_BMP,1,4),IF(AND(D5="Permeable Pavement",E5="Underdrained Enhanced"),INDEX(PARAMS_BMP,2,4),IF(AND(D5="Bioretention",E5="Standard"),INDEX(PARAMS_BMP,3,4),IF(AND(D5="Bioretention",E5="Enhanced"),INDEX(PARAMS_BMP,4,4),IF(AND(D5="Bioretention",E5="Enhanced w/ Underdrain"),INDEX(PARAMS_BMP,5,4),IF(AND(D5="Dry Swale",E5="—"),INDEX(PARAMS_BMP,6,4),IF(AND(D5="Wet Swale",E5="—"),INDEX(PARAMS_BMP,7,4),""))))))),"") | V5: =IFERROR(IF(OR(E5="Enhanced",E5="Enhanced w/ Underdrain"),VLOOKUP(IF(SUMIFS('CDA'!$E$4:$E$53,'CDA'!$A$4:$A$53,C5,'CDA'!$D$4:$D$53,"D")>0,"D",IF(SUMIFS('CDA'!$E$4:$E$53,'CDA'!$A$4:$A$53,C5,'CDA'!$D$4:$D$53,"C")>0,"C",IF(SUMIFS('CDA'!$E$4:$E$53,'CDA'!$A$4:$A$53,C5,'CDA'!$D$4:$D$53,"B")>0,"B",IF(SUMIFS('CDA'!$E$4:$E$53,'CDA'!$A$4:$A$53,C5,'CDA'!$D$4:$D$53,"A")>0,"A","")))),PARAMS_Ksat,2,FALSE),0),0) | W5: =IFERROR(P5*(Q5*R5+S5*T5+U5),0) | X5: =IFERROR(IF(V5=0,"",(Q5+S5)/V5),"") | AA5: =IFERROR(Y5+Z5,0) | AH5: =IFERROR(AB5*INDEX(PARAMS_Trees,1,3)+AC5*INDEX(PARAMS_Trees,2,3)+AD5*INDEX(PARAMS_Trees,3,3)+AE5*INDEX(PARAMS_Trees,4,3)+AF5*INDEX(PARAMS_Trees,5,3)+AG5*INDEX(PARAMS_Trees,6,3),0) | AI5: =IFERROR(K5+W5+AA5,0) | AJ5: =IFERROR(IF(AND(D5="Permeable Pavement",E5="Enhanced"),INDEX(PARAMS_BMP,1,6),IF(AND(D5="Permeable Pavement",E5="Underdrained Enhanced"),INDEX(PARAMS_BMP,2,6),IF(AND(D5="Bioretention",E5="Standard"),INDEX(PARAMS_BMP,3,6),IF(AND(D5="Bioretention",E5="Enhanced"),INDEX(PARAMS_BMP,4,6),IF(AND(D5="Bioretention",E5="Enhanced w/ Underdrain"),INDEX(PARAMS_BMP,5,6),IF(AND(D5="Dry Swale",E5="—"),INDEX(PARAMS_BMP,6,6),IF(AND(D5="Wet Swale",E5="—"),INDEX(PARAMS_BMP,7,6),""))))))),"") | AK5: =IFERROR(AI5*AJ5+AH5,0) | AL5: =IFERROR(VLOOKUP(C5,'CDA'!$A$58:$D$67,4,FALSE),0) | AM5: =IFERROR(IF(AL5=0,AK5,MIN(AK5,AL5)),0)
I6: =IFERROR(IF(OR(E6="Enhanced",E6="Underdrained Enhanced"),VLOOKUP(IF(SUMIFS('CDA'!$E$4:$E$53,'CDA'!$A$4:$A$53,C6,'CDA'!$D$4:$D$53,"D")>0,"D",IF(SUMIFS('CDA'!$E$4:$E$53,'CDA'!$A$4:$A$53,C6,'CDA'!$D$4:$D$53,"C")>0,"C",IF(SUMIFS('CDA'!$E$4:$E$53,'CDA'!$A$4:$A$53,C6,'CDA'!$D$4:$D$53,"B")>0,"B",IF(SUMIFS('CDA'!$E$4:$E$53,'CDA'!$A$4:$A$53,C6,'CDA'!$D$4:$D$53,"A")>0,"A","")))),PARAMS_Ksat,2,FALSE),0),0) | J6: =IFERROR(IF(AND(D6="Permeable Pavement",E6="Enhanced"),INDEX(PARAMS_BMP,1,5),IF(AND(D6="Permeable Pavement",E6="Underdrained Enhanced"),INDEX(PARAMS_BMP,2,5),IF(AND(D6="Bioretention",E6="Standard"),INDEX(PARAMS_BMP,3,5),IF(AND(D6="Bioretention",E6="Enhanced"),INDEX(PARAMS_BMP,4,5),IF(AND(D6="Bioretention",E6="Enhanced w/ Underdrain"),INDEX(PARAMS_BMP,5,5),IF(AND(D6="Dry Swale",E6="—"),INDEX(PARAMS_BMP,6,5),IF(AND(D6="Wet Swale",E6="—"),INDEX(PARAMS_BMP,7,5),""))))))),"") | K6: =IFERROR(F6*G6*J6,0) | L6: =IFERROR(IF(I6=0,"",G6/I6),"") | M6: =IFERROR(IF(L6="","",IF(L6<=2,"✓","✗")),"") | P6: =IFERROR((N6+O6)/2,0) | R6: =IFERROR(IF(AND(D6="Permeable Pavement",E6="Enhanced"),INDEX(PARAMS_BMP,1,3),IF(AND(D6="Permeable Pavement",E6="Underdrained Enhanced"),INDEX(PARAMS_BMP,2,3),IF(AND(D6="Bioretention",E6="Standard"),INDEX(PARAMS_BMP,3,3),IF(AND(D6="Bioretention",E6="Enhanced"),INDEX(PARAMS_BMP,4,3),IF(AND(D6="Bioretention",E6="Enhanced w/ Underdrain"),INDEX(PARAMS_BMP,5,3),IF(AND(D6="Dry Swale",E6="—"),INDEX(PARAMS_BMP,6,3),IF(AND(D6="Wet Swale",E6="—"),INDEX(PARAMS_BMP,7,3),""))))))),"") | T6: =IFERROR(IF(AND(D6="Permeable Pavement",E6="Enhanced"),INDEX(PARAMS_BMP,1,4),IF(AND(D6="Permeable Pavement",E6="Underdrained Enhanced"),INDEX(PARAMS_BMP,2,4),IF(AND(D6="Bioretention",E6="Standard"),INDEX(PARAMS_BMP,3,4),IF(AND(D6="Bioretention",E6="Enhanced"),INDEX(PARAMS_BMP,4,4),IF(AND(D6="Bioretention",E6="Enhanced w/ Underdrain"),INDEX(PARAMS_BMP,5,4),IF(AND(D6="Dry Swale",E6="—"),INDEX(PARAMS_BMP,6,4),IF(AND(D6="Wet Swale",E6="—"),INDEX(PARAMS_BMP,7,4),""))))))),"") | V6: =IFERROR(IF(OR(E6="Enhanced",E6="Enhanced w/ Underdrain"),VLOOKUP(IF(SUMIFS('CDA'!$E$4:$E$53,'CDA'!$A$4:$A$53,C6,'CDA'!$D$4:$D$53,"D")>0,"D",IF(SUMIFS('CDA'!$E$4:$E$53,'CDA'!$A$4:$A$53,C6,'CDA'!$D$4:$D$53,"C")>0,"C",IF(SUMIFS('CDA'!$E$4:$E$53,'CDA'!$A$4:$A$53,C6,'CDA'!$D$4:$D$53,"B")>0,"B",IF(SUMIFS('CDA'!$E$4:$E$53,'CDA'!$A$4:$A$53,C6,'CDA'!$D$4:$D$53,"A")>0,"A","")))),PARAMS_Ksat,2,FALSE),0),0) | W6: =IFERROR(P6*(Q6*R6+S6*T6+U6),0) | X6: =IFERROR(IF(V6=0,"",(Q6+S6)/V6),"") | AA6: =IFERROR(Y6+Z6,0) | AH6: =IFERROR(AB6*INDEX(PARAMS_Trees,1,3)+AC6*INDEX(PARAMS_Trees,2,3)+AD6*INDEX(PARAMS_Trees,3,3)+AE6*INDEX(PARAMS_Trees,4,3)+AF6*INDEX(PARAMS_Trees,5,3)+AG6*INDEX(PARAMS_Trees,6,3),0) | AI6: =IFERROR(K6+W6+AA6,0) | AJ6: =IFERROR(IF(AND(D6="Permeable Pavement",E6="Enhanced"),INDEX(PARAMS_BMP,1,6),IF(AND(D6="Permeable Pavement",E6="Underdrained Enhanced"),INDEX(PARAMS_BMP,2,6),IF(AND(D6="Bioretention",E6="Standard"),INDEX(PARAMS_BMP,3,6),IF(AND(D6="Bioretention",E6="Enhanced"),INDEX(PARAMS_BMP,4,6),IF(AND(D6="Bioretention",E6="Enhanced w/ Underdrain"),INDEX(PARAMS_BMP,5,6),IF(AND(D6="Dry Swale",E6="—"),INDEX(PARAMS_BMP,6,6),IF(AND(D6="Wet Swale",E6="—"),INDEX(PARAMS_BMP,7,6),""))))))),"") | AK6: =IFERROR(AI6*AJ6+AH6,0) | AL6: =IFERROR(VLOOKUP(C6,'CDA'!$A$58:$D$67,4,FALSE),0) | AM6: =IFERROR(IF(AL6=0,AK6,MIN(AK6,AL6)),0)
I7: =IFERROR(IF(OR(E7="Enhanced",E7="Underdrained Enhanced"),VLOOKUP(IF(SUMIFS('CDA'!$E$4:$E$53,'CDA'!$A$4:$A$53,C7,'CDA'!$D$4:$D$53,"D")>0,"D",IF(SUMIFS('CDA'!$E$4:$E$53,'CDA'!$A$4:$A$53,C7,'CDA'!$D$4:$D$53,"C")>0,"C",IF(SUMIFS('CDA'!$E$4:$E$53,'CDA'!$A$4:$A$53,C7,'CDA'!$D$4:$D$53,"B")>0,"B",IF(SUMIFS('CDA'!$E$4:$E$53,'CDA'!$A$4:$A$53,C7,'CDA'!$D$4:$D$53,"A")>0,"A","")))),PARAMS_Ksat,2,FALSE),0),0) | J7: =IFERROR(IF(AND(D7="Permeable Pavement",E7="Enhanced"),INDEX(PARAMS_BMP,1,5),IF(AND(D7="Permeable Pavement",E7="Underdrained Enhanced"),INDEX(PARAMS_BMP,2,5),IF(AND(D7="Bioretention",E7="Standard"),INDEX(PARAMS_BMP,3,5),IF(AND(D7="Bioretention",E7="Enhanced"),INDEX(PARAMS_BMP,4,5),IF(AND(D7="Bioretention",E7="Enhanced w/ Underdrain"),INDEX(PARAMS_BMP,5,5),IF(AND(D7="Dry Swale",E7="—"),INDEX(PARAMS_BMP,6,5),IF(AND(D7="Wet Swale",E7="—"),INDEX(PARAMS_BMP,7,5),""))))))),"") | K7: =IFERROR(F7*G7*J7,0) | L7: =IFERROR(IF(I7=0,"",G7/I7),"") | M7: =IFERROR(IF(L7="","",IF(L7<=2,"✓","✗")),"") | P7: =IFERROR((N7+O7)/2,0) | R7: =IFERROR(IF(AND(D7="Permeable Pavement",E7="Enhanced"),INDEX(PARAMS_BMP,1,3),IF(AND(D7="Permeable Pavement",E7="Underdrained Enhanced"),INDEX(PARAMS_BMP,2,3),IF(AND(D7="Bioretention",E7="Standard"),INDEX(PARAMS_BMP,3,3),IF(AND(D7="Bioretention",E7="Enhanced"),INDEX(PARAMS_BMP,4,3),IF(AND(D7="Bioretention",E7="Enhanced w/ Underdrain"),INDEX(PARAMS_BMP,5,3),IF(AND(D7="Dry Swale",E7="—"),INDEX(PARAMS_BMP,6,3),IF(AND(D7="Wet Swale",E7="—"),INDEX(PARAMS_BMP,7,3),""))))))),"") | T7: =IFERROR(IF(AND(D7="Permeable Pavement",E7="Enhanced"),INDEX(PARAMS_BMP,1,4),IF(AND(D7="Permeable Pavement",E7="Underdrained Enhanced"),INDEX(PARAMS_BMP,2,4),IF(AND(D7="Bioretention",E7="Standard"),INDEX(PARAMS_BMP,3,4),IF(AND(D7="Bioretention",E7="Enhanced"),INDEX(PARAMS_BMP,4,4),IF(AND(D7="Bioretention",E7="Enhanced w/ Underdrain"),INDEX(PARAMS_BMP,5,4),IF(AND(D7="Dry Swale",E7="—"),INDEX(PARAMS_BMP,6,4),IF(AND(D7="Wet Swale",E7="—"),INDEX(PARAMS_BMP,7,4),""))))))),"") | V7: =IFERROR(IF(OR(E7="Enhanced",E7="Enhanced w/ Underdrain"),VLOOKUP(IF(SUMIFS('CDA'!$E$4:$E$53,'CDA'!$A$4:$A$53,C7,'CDA'!$D$4:$D$53,"D")>0,"D",IF(SUMIFS('CDA'!$E$4:$E$53,'CDA'!$A$4:$A$53,C7,'CDA'!$D$4:$D$53,"C")>0,"C",IF(SUMIFS('CDA'!$E$4:$E$53,'CDA'!$A$4:$A$53,C7,'CDA'!$D$4:$D$53,"B")>0,"B",IF(SUMIFS('CDA'!$E$4:$E$53,'CDA'!$A$4:$A$53,C7,'CDA'!$D$4:$D$53,"A")>0,"A","")))),PARAMS_Ksat,2,FALSE),0),0) | W7: =IFERROR(P7*(Q7*R7+S7*T7+U7),0) | X7: =IFERROR(IF(V7=0,"",(Q7+S7)/V7),"") | AA7: =IFERROR(Y7+Z7,0) | AH7: =IFERROR(AB7*INDEX(PARAMS_Trees,1,3)+AC7*INDEX(PARAMS_Trees,2,3)+AD7*INDEX(PARAMS_Trees,3,3)+AE7*INDEX(PARAMS_Trees,4,3)+AF7*INDEX(PARAMS_Trees,5,3)+AG7*INDEX(PARAMS_Trees,6,3),0) | AI7: =IFERROR(K7+W7+AA7,0) | AJ7: =IFERROR(IF(AND(D7="Permeable Pavement",E7="Enhanced"),INDEX(PARAMS_BMP,1,6),IF(AND(D7="Permeable Pavement",E7="Underdrained Enhanced"),INDEX(PARAMS_BMP,2,6),IF(AND(D7="Bioretention",E7="Standard"),INDEX(PARAMS_BMP,3,6),IF(AND(D7="Bioretention",E7="Enhanced"),INDEX(PARAMS_BMP,4,6),IF(AND(D7="Bioretention",E7="Enhanced w/ Underdrain"),INDEX(PARAMS_BMP,5,6),IF(AND(D7="Dry Swale",E7="—"),INDEX(PARAMS_BMP,6,6),IF(AND(D7="Wet Swale",E7="—"),INDEX(PARAMS_BMP,7,6),""))))))),"") | AK7: =IFERROR(AI7*AJ7+AH7,0) | AL7: =IFERROR(VLOOKUP(C7,'CDA'!$A$58:$D$67,4,FALSE),0) | AM7: =IFERROR(IF(AL7=0,AK7,MIN(AK7,AL7)),0)
I8: =IFERROR(IF(OR(E8="Enhanced",E8="Underdrained Enhanced"),VLOOKUP(IF(SUMIFS('CDA'!$E$4:$E$53,'CDA'!$A$4:$A$53,C8,'CDA'!$D$4:$D$53,"D")>0,"D",IF(SUMIFS('CDA'!$E$4:$E$53,'CDA'!$A$4:$A$53,C8,'CDA'!$D$4:$D$53,"C")>0,"C",IF(SUMIFS('CDA'!$E$4:$E$53,'CDA'!$A$4:$A$53,C8,'CDA'!$D$4:$D$53,"B")>0,"B",IF(SUMIFS('CDA'!$E$4:$E$53,'CDA'!$A$4:$A$53,C8,'CDA'!$D$4:$D$53,"A")>0,"A","")))),PARAMS_Ksat,2,FALSE),0),0) | J8: =IFERROR(IF(AND(D8="Permeable Pavement",E8="Enhanced"),INDEX(PARAMS_BMP,1,5),IF(AND(D8="Permeable Pavement",E8="Underdrained Enhanced"),INDEX(PARAMS_BMP,2,5),IF(AND(D8="Bioretention",E8="Standard"),INDEX(PARAMS_BMP,3,5),IF(AND(D8="Bioretention",E8="Enhanced"),INDEX(PARAMS_BMP,4,5),IF(AND(D8="Bioretention",E8="Enhanced w/ Underdrain"),INDEX(PARAMS_BMP,5,5),IF(AND(D8="Dry Swale",E8="—"),INDEX(PARAMS_BMP,6,5),IF(AND(D8="Wet Swale",E8="—"),INDEX(PARAMS_BMP,7,5),""))))))),"") | K8: =IFERROR(F8*G8*J8,0) | L8: =IFERROR(IF(I8=0,"",G8/I8),"") | M8: =IFERROR(IF(L8="","",IF(L8<=2,"✓","✗")),"") | P8: =IFERROR((N8+O8)/2,0) | R8: =IFERROR(IF(AND(D8="Permeable Pavement",E8="Enhanced"),INDEX(PARAMS_BMP,1,3),IF(AND(D8="Permeable Pavement",E8="Underdrained Enhanced"),INDEX(PARAMS_BMP,2,3),IF(AND(D8="Bioretention",E8="Standard"),INDEX(PARAMS_BMP,3,3),IF(AND(D8="Bioretention",E8="Enhanced"),INDEX(PARAMS_BMP,4,3),IF(AND(D8="Bioretention",E8="Enhanced w/ Underdrain"),INDEX(PARAMS_BMP,5,3),IF(AND(D8="Dry Swale",E8="—"),INDEX(PARAMS_BMP,6,3),IF(AND(D8="Wet Swale",E8="—"),INDEX(PARAMS_BMP,7,3),""))))))),"") | T8: =IFERROR(IF(AND(D8="Permeable Pavement",E8="Enhanced"),INDEX(PARAMS_BMP,1,4),IF(AND(D8="Permeable Pavement",E8="Underdrained Enhanced"),INDEX(PARAMS_BMP,2,4),IF(AND(D8="Bioretention",E8="Standard"),INDEX(PARAMS_BMP,3,4),IF(AND(D8="Bioretention",E8="Enhanced"),INDEX(PARAMS_BMP,4,4),IF(AND(D8="Bioretention",E8="Enhanced w/ Underdrain"),INDEX(PARAMS_BMP,5,4),IF(AND(D8="Dry Swale",E8="—"),INDEX(PARAMS_BMP,6,4),IF(AND(D8="Wet Swale",E8="—"),INDEX(PARAMS_BMP,7,4),""))))))),"") | V8: =IFERROR(IF(OR(E8="Enhanced",E8="Enhanced w/ Underdrain"),VLOOKUP(IF(SUMIFS('CDA'!$E$4:$E$53,'CDA'!$A$4:$A$53,C8,'CDA'!$D$4:$D$53,"D")>0,"D",IF(SUMIFS('CDA'!$E$4:$E$53,'CDA'!$A$4:$A$53,C8,'CDA'!$D$4:$D$53,"C")>0,"C",IF(SUMIFS('CDA'!$E$4:$E$53,'CDA'!$A$4:$A$53,C8,'CDA'!$D$4:$D$53,"B")>0,"B",IF(SUMIFS('CDA'!$E$4:$E$53,'CDA'!$A$4:$A$53,C8,'CDA'!$D$4:$D$53,"A")>0,"A","")))),PARAMS_Ksat,2,FALSE),0),0) | W8: =IFERROR(P8*(Q8*R8+S8*T8+U8),0) | X8: =IFERROR(IF(V8=0,"",(Q8+S8)/V8),"") | AA8: =IFERROR(Y8+Z8,0) | AH8: =IFERROR(AB8*INDEX(PARAMS_Trees,1,3)+AC8*INDEX(PARAMS_Trees,2,3)+AD8*INDEX(PARAMS_Trees,3,3)+AE8*INDEX(PARAMS_Trees,4,3)+AF8*INDEX(PARAMS_Trees,5,3)+AG8*INDEX(PARAMS_Trees,6,3),0) | AI8: =IFERROR(K8+W8+AA8,0) | AJ8: =IFERROR(IF(AND(D8="Permeable Pavement",E8="Enhanced"),INDEX(PARAMS_BMP,1,6),IF(AND(D8="Permeable Pavement",E8="Underdrained Enhanced"),INDEX(PARAMS_BMP,2,6),IF(AND(D8="Bioretention",E8="Standard"),INDEX(PARAMS_BMP,3,6),IF(AND(D8="Bioretention",E8="Enhanced"),INDEX(PARAMS_BMP,4,6),IF(AND(D8="Bioretention",E8="Enhanced w/ Underdrain"),INDEX(PARAMS_BMP,5,6),IF(AND(D8="Dry Swale",E8="—"),INDEX(PARAMS_BMP,6,6),IF(AND(D8="Wet Swale",E8="—"),INDEX(PARAMS_BMP,7,6),""))))))),"") | AK8: =IFERROR(AI8*AJ8+AH8,0) | AL8: =IFERROR(VLOOKUP(C8,'CDA'!$A$58:$D$67,4,FALSE),0) | AM8: =IFERROR(IF(AL8=0,AK8,MIN(AK8,AL8)),0)
I9: =IFERROR(IF(OR(E9="Enhanced",E9="Underdrained Enhanced"),VLOOKUP(IF(SUMIFS('CDA'!$E$4:$E$53,'CDA'!$A$4:$A$53,C9,'CDA'!$D$4:$D$53,"D")>0,"D",IF(SUMIFS('CDA'!$E$4:$E$53,'CDA'!$A$4:$A$53,C9,'CDA'!$D$4:$D$53,"C")>0,"C",IF(SUMIFS('CDA'!$E$4:$E$53,'CDA'!$A$4:$A$53,C9,'CDA'!$D$4:$D$53,"B")>0,"B",IF(SUMIFS('CDA'!$E$4:$E$53,'CDA'!$A$4:$A$53,C9,'CDA'!$D$4:$D$53,"A")>0,"A","")))),PARAMS_Ksat,2,FALSE),0),0) | J9: =IFERROR(IF(AND(D9="Permeable Pavement",E9="Enhanced"),INDEX(PARAMS_BMP,1,5),IF(AND(D9="Permeable Pavement",E9="Underdrained Enhanced"),INDEX(PARAMS_BMP,2,5),IF(AND(D9="Bioretention",E9="Standard"),INDEX(PARAMS_BMP,3,5),IF(AND(D9="Bioretention",E9="Enhanced"),INDEX(PARAMS_BMP,4,5),IF(AND(D9="Bioretention",E9="Enhanced w/ Underdrain"),INDEX(PARAMS_BMP,5,5),IF(AND(D9="Dry Swale",E9="—"),INDEX(PARAMS_BMP,6,5),IF(AND(D9="Wet Swale",E9="—"),INDEX(PARAMS_BMP,7,5),""))))))),"") | K9: =IFERROR(F9*G9*J9,0) | L9: =IFERROR(IF(I9=0,"",G9/I9),"") | M9: =IFERROR(IF(L9="","",IF(L9<=2,"✓","✗")),"") | P9: =IFERROR((N9+O9)/2,0) | R9: =IFERROR(IF(AND(D9="Permeable Pavement",E9="Enhanced"),INDEX(PARAMS_BMP,1,3),IF(AND(D9="Permeable Pavement",E9="Underdrained Enhanced"),INDEX(PARAMS_BMP,2,3),IF(AND(D9="Bioretention",E9="Standard"),INDEX(PARAMS_BMP,3,3),IF(AND(D9="Bioretention",E9="Enhanced"),INDEX(PARAMS_BMP,4,3),IF(AND(D9="Bioretention",E9="Enhanced w/ Underdrain"),INDEX(PARAMS_BMP,5,3),IF(AND(D9="Dry Swale",E9="—"),INDEX(PARAMS_BMP,6,3),IF(AND(D9="Wet Swale",E9="—"),INDEX(PARAMS_BMP,7,3),""))))))),"") | T9: =IFERROR(IF(AND(D9="Permeable Pavement",E9="Enhanced"),INDEX(PARAMS_BMP,1,4),IF(AND(D9="Permeable Pavement",E9="Underdrained Enhanced"),INDEX(PARAMS_BMP,2,4),IF(AND(D9="Bioretention",E9="Standard"),INDEX(PARAMS_BMP,3,4),IF(AND(D9="Bioretention",E9="Enhanced"),INDEX(PARAMS_BMP,4,4),IF(AND(D9="Bioretention",E9="Enhanced w/ Underdrain"),INDEX(PARAMS_BMP,5,4),IF(AND(D9="Dry Swale",E9="—"),INDEX(PARAMS_BMP,6,4),IF(AND(D9="Wet Swale",E9="—"),INDEX(PARAMS_BMP,7,4),""))))))),"") | V9: =IFERROR(IF(OR(E9="Enhanced",E9="Enhanced w/ Underdrain"),VLOOKUP(IF(SUMIFS('CDA'!$E$4:$E$53,'CDA'!$A$4:$A$53,C9,'CDA'!$D$4:$D$53,"D")>0,"D",IF(SUMIFS('CDA'!$E$4:$E$53,'CDA'!$A$4:$A$53,C9,'CDA'!$D$4:$D$53,"C")>0,"C",IF(SUMIFS('CDA'!$E$4:$E$53,'CDA'!$A$4:$A$53,C9,'CDA'!$D$4:$D$53,"B")>0,"B",IF(SUMIFS('CDA'!$E$4:$E$53,'CDA'!$A$4:$A$53,C9,'CDA'!$D$4:$D$53,"A")>0,"A","")))),PARAMS_Ksat,2,FALSE),0),0) | W9: =IFERROR(P9*(Q9*R9+S9*T9+U9),0) | X9: =IFERROR(IF(V9=0,"",(Q9+S9)/V9),"") | AA9: =IFERROR(Y9+Z9,0) | AH9: =IFERROR(AB9*INDEX(PARAMS_Trees,1,3)+AC9*INDEX(PARAMS_Trees,2,3)+AD9*INDEX(PARAMS_Trees,3,3)+AE9*INDEX(PARAMS_Trees,4,3)+AF9*INDEX(PARAMS_Trees,5,3)+AG9*INDEX(PARAMS_Trees,6,3),0) | AI9: =IFERROR(K9+W9+AA9,0) | AJ9: =IFERROR(IF(AND(D9="Permeable Pavement",E9="Enhanced"),INDEX(PARAMS_BMP,1,6),IF(AND(D9="Permeable Pavement",E9="Underdrained Enhanced"),INDEX(PARAMS_BMP,2,6),IF(AND(D9="Bioretention",E9="Standard"),INDEX(PARAMS_BMP,3,6),IF(AND(D9="Bioretention",E9="Enhanced"),INDEX(PARAMS_BMP,4,6),IF(AND(D9="Bioretention",E9="Enhanced w/ Underdrain"),INDEX(PARAMS_BMP,5,6),IF(AND(D9="Dry Swale",E9="—"),INDEX(PARAMS_BMP,6,6),IF(AND(D9="Wet Swale",E9="—"),INDEX(PARAMS_BMP,7,6),""))))))),"") | AK9: =IFERROR(AI9*AJ9+AH9,0) | AL9: =IFERROR(VLOOKUP(C9,'CDA'!$A$58:$D$67,4,FALSE),0) | AM9: =IFERROR(IF(AL9=0,AK9,MIN(AK9,AL9)),0)
I10: =IFERROR(IF(OR(E10="Enhanced",E10="Underdrained Enhanced"),VLOOKUP(IF(SUMIFS('CDA'!$E$4:$E$53,'CDA'!$A$4:$A$53,C10,'CDA'!$D$4:$D$53,"D")>0,"D",IF(SUMIFS('CDA'!$E$4:$E$53,'CDA'!$A$4:$A$53,C10,'CDA'!$D$4:$D$53,"C")>0,"C",IF(SUMIFS('CDA'!$E$4:$E$53,'CDA'!$A$4:$A$53,C10,'CDA'!$D$4:$D$53,"B")>0,"B",IF(SUMIFS('CDA'!$E$4:$E$53,'CDA'!$A$4:$A$53,C10,'CDA'!$D$4:$D$53,"A")>0,"A","")))),PARAMS_Ksat,2,FALSE),0),0) | J10: =IFERROR(IF(AND(D10="Permeable Pavement",E10="Enhanced"),INDEX(PARAMS_BMP,1,5),IF(AND(D10="Permeable Pavement",E10="Underdrained Enhanced"),INDEX(PARAMS_BMP,2,5),IF(AND(D10="Bioretention",E10="Standard"),INDEX(PARAMS_BMP,3,5),IF(AND(D10="Bioretention",E10="Enhanced"),INDEX(PARAMS_BMP,4,5),IF(AND(D10="Bioretention",E10="Enhanced w/ Underdrain"),INDEX(PARAMS_BMP,5,5),IF(AND(D10="Dry Swale",E10="—"),INDEX(PARAMS_BMP,6,5),IF(AND(D10="Wet Swale",E10="—"),INDEX(PARAMS_BMP,7,5),""))))))),"") | K10: =IFERROR(F10*G10*J10,0) | L10: =IFERROR(IF(I10=0,"",G10/I10),"") | M10: =IFERROR(IF(L10="","",IF(L10<=2,"✓","✗")),"") | P10: =IFERROR((N10+O10)/2,0) | R10: =IFERROR(IF(AND(D10="Permeable Pavement",E10="Enhanced"),INDEX(PARAMS_BMP,1,3),IF(AND(D10="Permeable Pavement",E10="Underdrained Enhanced"),INDEX(PARAMS_BMP,2,3),IF(AND(D10="Bioretention",E10="Standard"),INDEX(PARAMS_BMP,3,3),IF(AND(D10="Bioretention",E10="Enhanced"),INDEX(PARAMS_BMP,4,3),IF(AND(D10="Bioretention",E10="Enhanced w/ Underdrain"),INDEX(PARAMS_BMP,5,3),IF(AND(D10="Dry Swale",E10="—"),INDEX(PARAMS_BMP,6,3),IF(AND(D10="Wet Swale",E10="—"),INDEX(PARAMS_BMP,7,3),""))))))),"") | T10: =IFERROR(IF(AND(D10="Permeable Pavement",E10="Enhanced"),INDEX(PARAMS_BMP,1,4),IF(AND(D10="Permeable Pavement",E10="Underdrained Enhanced"),INDEX(PARAMS_BMP,2,4),IF(AND(D10="Bioretention",E10="Standard"),INDEX(PARAMS_BMP,3,4),IF(AND(D10="Bioretention",E10="Enhanced"),INDEX(PARAMS_BMP,4,4),IF(AND(D10="Bioretention",E10="Enhanced w/ Underdrain"),INDEX(PARAMS_BMP,5,4),IF(AND(D10="Dry Swale",E10="—"),INDEX(PARAMS_BMP,6,4),IF(AND(D10="Wet Swale",E10="—"),INDEX(PARAMS_BMP,7,4),""))))))),"") | V10: =IFERROR(IF(OR(E10="Enhanced",E10="Enhanced w/ Underdrain"),VLOOKUP(IF(SUMIFS('CDA'!$E$4:$E$53,'CDA'!$A$4:$A$53,C10,'CDA'!$D$4:$D$53,"D")>0,"D",IF(SUMIFS('CDA'!$E$4:$E$53,'CDA'!$A$4:$A$53,C10,'CDA'!$D$4:$D$53,"C")>0,"C",IF(SUMIFS('CDA'!$E$4:$E$53,'CDA'!$A$4:$A$53,C10,'CDA'!$D$4:$D$53,"B")>0,"B",IF(SUMIFS('CDA'!$E$4:$E$53,'CDA'!$A$4:$A$53,C10,'CDA'!$D$4:$D$53,"A")>0,"A","")))),PARAMS_Ksat,2,FALSE),0),0) | W10: =IFERROR(P10*(Q10*R10+S10*T10+U10),0) | X10: =IFERROR(IF(V10=0,"",(Q10+S10)/V10),"") | AA10: =IFERROR(Y10+Z10,0) | AH10: =IFERROR(AB10*INDEX(PARAMS_Trees,1,3)+AC10*INDEX(PARAMS_Trees,2,3)+AD10*INDEX(PARAMS_Trees,3,3)+AE10*INDEX(PARAMS_Trees,4,3)+AF10*INDEX(PARAMS_Trees,5,3)+AG10*INDEX(PARAMS_Trees,6,3),0) | AI10: =IFERROR(K10+W10+AA10,0) | AJ10: =IFERROR(IF(AND(D10="Permeable Pavement",E10="Enhanced"),INDEX(PARAMS_BMP,1,6),IF(AND(D10="Permeable Pavement",E10="Underdrained Enhanced"),INDEX(PARAMS_BMP,2,6),IF(AND(D10="Bioretention",E10="Standard"),INDEX(PARAMS_BMP,3,6),IF(AND(D10="Bioretention",E10="Enhanced"),INDEX(PARAMS_BMP,4,6),IF(AND(D10="Bioretention",E10="Enhanced w/ Underdrain"),INDEX(PARAMS_BMP,5,6),IF(AND(D10="Dry Swale",E10="—"),INDEX(PARAMS_BMP,6,6),IF(AND(D10="Wet Swale",E10="—"),INDEX(PARAMS_BMP,7,6),""))))))),"") | AK10: =IFERROR(AI10*AJ10+AH10,0) | AL10: =IFERROR(VLOOKUP(C10,'CDA'!$A$58:$D$67,4,FALSE),0) | AM10: =IFERROR(IF(AL10=0,AK10,MIN(AK10,AL10)),0)
I11: =IFERROR(IF(OR(E11="Enhanced",E11="Underdrained Enhanced"),VLOOKUP(IF(SUMIFS('CDA'!$E$4:$E$53,'CDA'!$A$4:$A$53,C11,'CDA'!$D$4:$D$53,"D")>0,"D",IF(SUMIFS('CDA'!$E$4:$E$53,'CDA'!$A$4:$A$53,C11,'CDA'!$D$4:$D$53,"C")>0,"C",IF(SUMIFS('CDA'!$E$4:$E$53,'CDA'!$A$4:$A$53,C11,'CDA'!$D$4:$D$53,"B")>0,"B",IF(SUMIFS('CDA'!$E$4:$E$53,'CDA'!$A$4:$A$53,C11,'CDA'!$D$4:$D$53,"A")>0,"A","")))),PARAMS_Ksat,2,FALSE),0),0) | J11: =IFERROR(IF(AND(D11="Permeable Pavement",E11="Enhanced"),INDEX(PARAMS_BMP,1,5),IF(AND(D11="Permeable Pavement",E11="Underdrained Enhanced"),INDEX(PARAMS_BMP,2,5),IF(AND(D11="Bioretention",E11="Standard"),INDEX(PARAMS_BMP,3,5),IF(AND(D11="Bioretention",E11="Enhanced"),INDEX(PARAMS_BMP,4,5),IF(AND(D11="Bioretention",E11="Enhanced w/ Underdrain"),INDEX(PARAMS_BMP,5,5),IF(AND(D11="Dry Swale",E11="—"),INDEX(PARAMS_BMP,6,5),IF(AND(D11="Wet Swale",E11="—"),INDEX(PARAMS_BMP,7,5),""))))))),"") | K11: =IFERROR(F11*G11*J11,0) | L11: =IFERROR(IF(I11=0,"",G11/I11),"") | M11: =IFERROR(IF(L11="","",IF(L11<=2,"✓","✗")),"") | P11: =IFERROR((N11+O11)/2,0) | R11: =IFERROR(IF(AND(D11="Permeable Pavement",E11="Enhanced"),INDEX(PARAMS_BMP,1,3),IF(AND(D11="Permeable Pavement",E11="Underdrained Enhanced"),INDEX(PARAMS_BMP,2,3),IF(AND(D11="Bioretention",E11="Standard"),INDEX(PARAMS_BMP,3,3),IF(AND(D11="Bioretention",E11="Enhanced"),INDEX(PARAMS_BMP,4,3),IF(AND(D11="Bioretention",E11="Enhanced w/ Underdrain"),INDEX(PARAMS_BMP,5,3),IF(AND(D11="Dry Swale",E11="—"),INDEX(PARAMS_BMP,6,3),IF(AND(D11="Wet Swale",E11="—"),INDEX(PARAMS_BMP,7,3),""))))))),"") | T11: =IFERROR(IF(AND(D11="Permeable Pavement",E11="Enhanced"),INDEX(PARAMS_BMP,1,4),IF(AND(D11="Permeable Pavement",E11="Underdrained Enhanced"),INDEX(PARAMS_BMP,2,4),IF(AND(D11="Bioretention",E11="Standard"),INDEX(PARAMS_BMP,3,4),IF(AND(D11="Bioretention",E11="Enhanced"),INDEX(PARAMS_BMP,4,4),IF(AND(D11="Bioretention",E11="Enhanced w/ Underdrain"),INDEX(PARAMS_BMP,5,4),IF(AND(D11="Dry Swale",E11="—"),INDEX(PARAMS_BMP,6,4),IF(AND(D11="Wet Swale",E11="—"),INDEX(PARAMS_BMP,7,4),""))))))),"") | V11: =IFERROR(IF(OR(E11="Enhanced",E11="Enhanced w/ Underdrain"),VLOOKUP(IF(SUMIFS('CDA'!$E$4:$E$53,'CDA'!$A$4:$A$53,C11,'CDA'!$D$4:$D$53,"D")>0,"D",IF(SUMIFS('CDA'!$E$4:$E$53,'CDA'!$A$4:$A$53,C11,'CDA'!$D$4:$D$53,"C")>0,"C",IF(SUMIFS('CDA'!$E$4:$E$53,'CDA'!$A$4:$A$53,C11,'CDA'!$D$4:$D$53,"B")>0,"B",IF(SUMIFS('CDA'!$E$4:$E$53,'CDA'!$A$4:$A$53,C11,'CDA'!$D$4:$D$53,"A")>0,"A","")))),PARAMS_Ksat,2,FALSE),0),0) | W11: =IFERROR(P11*(Q11*R11+S11*T11+U11),0) | X11: =IFERROR(IF(V11=0,"",(Q11+S11)/V11),"") | AA11: =IFERROR(Y11+Z11,0) | AH11: =IFERROR(AB11*INDEX(PARAMS_Trees,1,3)+AC11*INDEX(PARAMS_Trees,2,3)+AD11*INDEX(PARAMS_Trees,3,3)+AE11*INDEX(PARAMS_Trees,4,3)+AF11*INDEX(PARAMS_Trees,5,3)+AG11*INDEX(PARAMS_Trees,6,3),0) | AI11: =IFERROR(K11+W11+AA11,0) | AJ11: =IFERROR(IF(AND(D11="Permeable Pavement",E11="Enhanced"),INDEX(PARAMS_BMP,1,6),IF(AND(D11="Permeable Pavement",E11="Underdrained Enhanced"),INDEX(PARAMS_BMP,2,6),IF(AND(D11="Bioretention",E11="Standard"),INDEX(PARAMS_BMP,3,6),IF(AND(D11="Bioretention",E11="Enhanced"),INDEX(PARAMS_BMP,4,6),IF(AND(D11="Bioretention",E11="Enhanced w/ Underdrain"),INDEX(PARAMS_BMP,5,6),IF(AND(D11="Dry Swale",E11="—"),INDEX(PARAMS_BMP,6,6),IF(AND(D11="Wet Swale",E11="—"),INDEX(PARAMS_BMP,7,6),""))))))),"") | AK11: =IFERROR(AI11*AJ11+AH11,0) | AL11: =IFERROR(VLOOKUP(C11,'CDA'!$A$58:$D$67,4,FALSE),0) | AM11: =IFERROR(IF(AL11=0,AK11,MIN(AK11,AL11)),0)
I12: =IFERROR(IF(OR(E12="Enhanced",E12="Underdrained Enhanced"),VLOOKUP(IF(SUMIFS('CDA'!$E$4:$E$53,'CDA'!$A$4:$A$53,C12,'CDA'!$D$4:$D$53,"D")>0,"D",IF(SUMIFS('CDA'!$E$4:$E$53,'CDA'!$A$4:$A$53,C12,'CDA'!$D$4:$D$53,"C")>0,"C",IF(SUMIFS('CDA'!$E$4:$E$53,'CDA'!$A$4:$A$53,C12,'CDA'!$D$4:$D$53,"B")>0,"B",IF(SUMIFS('CDA'!$E$4:$E$53,'CDA'!$A$4:$A$53,C12,'CDA'!$D$4:$D$53,"A")>0,"A","")))),PARAMS_Ksat,2,FALSE),0),0) | J12: =IFERROR(IF(AND(D12="Permeable Pavement",E12="Enhanced"),INDEX(PARAMS_BMP,1,5),IF(AND(D12="Permeable Pavement",E12="Underdrained Enhanced"),INDEX(PARAMS_BMP,2,5),IF(AND(D12="Bioretention",E12="Standard"),INDEX(PARAMS_BMP,3,5),IF(AND(D12="Bioretention",E12="Enhanced"),INDEX(PARAMS_BMP,4,5),IF(AND(D12="Bioretention",E12="Enhanced w/ Underdrain"),INDEX(PARAMS_BMP,5,5),IF(AND(D12="Dry Swale",E12="—"),INDEX(PARAMS_BMP,6,5),IF(AND(D12="Wet Swale",E12="—"),INDEX(PARAMS_BMP,7,5),""))))))),"") | K12: =IFERROR(F12*G12*J12,0) | L12: =IFERROR(IF(I12=0,"",G12/I12),"") | M12: =IFERROR(IF(L12="","",IF(L12<=2,"✓","✗")),"") | P12: =IFERROR((N12+O12)/2,0) | R12: =IFERROR(IF(AND(D12="Permeable Pavement",E12="Enhanced"),INDEX(PARAMS_BMP,1,3),IF(AND(D12="Permeable Pavement",E12="Underdrained Enhanced"),INDEX(PARAMS_BMP,2,3),IF(AND(D12="Bioretention",E12="Standard"),INDEX(PARAMS_BMP,3,3),IF(AND(D12="Bioretention",E12="Enhanced"),INDEX(PARAMS_BMP,4,3),IF(AND(D12="Bioretention",E12="Enhanced w/ Underdrain"),INDEX(PARAMS_BMP,5,3),IF(AND(D12="Dry Swale",E12="—"),INDEX(PARAMS_BMP,6,3),IF(AND(D12="Wet Swale",E12="—"),INDEX(PARAMS_BMP,7,3),""))))))),"") | T12: =IFERROR(IF(AND(D12="Permeable Pavement",E12="Enhanced"),INDEX(PARAMS_BMP,1,4),IF(AND(D12="Permeable Pavement",E12="Underdrained Enhanced"),INDEX(PARAMS_BMP,2,4),IF(AND(D12="Bioretention",E12="Standard"),INDEX(PARAMS_BMP,3,4),IF(AND(D12="Bioretention",E12="Enhanced"),INDEX(PARAMS_BMP,4,4),IF(AND(D12="Bioretention",E12="Enhanced w/ Underdrain"),INDEX(PARAMS_BMP,5,4),IF(AND(D12="Dry Swale",E12="—"),INDEX(PARAMS_BMP,6,4),IF(AND(D12="Wet Swale",E12="—"),INDEX(PARAMS_BMP,7,4),""))))))),"") | V12: =IFERROR(IF(OR(E12="Enhanced",E12="Enhanced w/ Underdrain"),VLOOKUP(IF(SUMIFS('CDA'!$E$4:$E$53,'CDA'!$A$4:$A$53,C12,'CDA'!$D$4:$D$53,"D")>0,"D",IF(SUMIFS('CDA'!$E$4:$E$53,'CDA'!$A$4:$A$53,C12,'CDA'!$D$4:$D$53,"C")>0,"C",IF(SUMIFS('CDA'!$E$4:$E$53,'CDA'!$A$4:$A$53,C12,'CDA'!$D$4:$D$53,"B")>0,"B",IF(SUMIFS('CDA'!$E$4:$E$53,'CDA'!$A$4:$A$53,C12,'CDA'!$D$4:$D$53,"A")>0,"A","")))),PARAMS_Ksat,2,FALSE),0),0) | W12: =IFERROR(P12*(Q12*R12+S12*T12+U12),0) | X12: =IFERROR(IF(V12=0,"",(Q12+S12)/V12),"") | AA12: =IFERROR(Y12+Z12,0) | AH12: =IFERROR(AB12*INDEX(PARAMS_Trees,1,3)+AC12*INDEX(PARAMS_Trees,2,3)+AD12*INDEX(PARAMS_Trees,3,3)+AE12*INDEX(PARAMS_Trees,4,3)+AF12*INDEX(PARAMS_Trees,5,3)+AG12*INDEX(PARAMS_Trees,6,3),0) | AI12: =IFERROR(K12+W12+AA12,0) | AJ12: =IFERROR(IF(AND(D12="Permeable Pavement",E12="Enhanced"),INDEX(PARAMS_BMP,1,6),IF(AND(D12="Permeable Pavement",E12="Underdrained Enhanced"),INDEX(PARAMS_BMP,2,6),IF(AND(D12="Bioretention",E12="Standard"),INDEX(PARAMS_BMP,3,6),IF(AND(D12="Bioretention",E12="Enhanced"),INDEX(PARAMS_BMP,4,6),IF(AND(D12="Bioretention",E12="Enhanced w/ Underdrain"),INDEX(PARAMS_BMP,5,6),IF(AND(D12="Dry Swale",E12="—"),INDEX(PARAMS_BMP,6,6),IF(AND(D12="Wet Swale",E12="—"),INDEX(PARAMS_BMP,7,6),""))))))),"") | AK12: =IFERROR(AI12*AJ12+AH12,0) | AL12: =IFERROR(VLOOKUP(C12,'CDA'!$A$58:$D$67,4,FALSE),0) | AM12: =IFERROR(IF(AL12=0,AK12,MIN(AK12,AL12)),0)
I13: =IFERROR(IF(OR(E13="Enhanced",E13="Underdrained Enhanced"),VLOOKUP(IF(SUMIFS('CDA'!$E$4:$E$53,'CDA'!$A$4:$A$53,C13,'CDA'!$D$4:$D$53,"D")>0,"D",IF(SUMIFS('CDA'!$E$4:$E$53,'CDA'!$A$4:$A$53,C13,'CDA'!$D$4:$D$53,"C")>0,"C",IF(SUMIFS('CDA'!$E$4:$E$53,'CDA'!$A$4:$A$53,C13,'CDA'!$D$4:$D$53,"B")>0,"B",IF(SUMIFS('CDA'!$E$4:$E$53,'CDA'!$A$4:$A$53,C13,'CDA'!$D$4:$D$53,"A")>0,"A","")))),PARAMS_Ksat,2,FALSE),0),0) | J13: =IFERROR(IF(AND(D13="Permeable Pavement",E13="Enhanced"),INDEX(PARAMS_BMP,1,5),IF(AND(D13="Permeable Pavement",E13="Underdrained Enhanced"),INDEX(PARAMS_BMP,2,5),IF(AND(D13="Bioretention",E13="Standard"),INDEX(PARAMS_BMP,3,5),IF(AND(D13="Bioretention",E13="Enhanced"),INDEX(PARAMS_BMP,4,5),IF(AND(D13="Bioretention",E13="Enhanced w/ Underdrain"),INDEX(PARAMS_BMP,5,5),IF(AND(D13="Dry Swale",E13="—"),INDEX(PARAMS_BMP,6,5),IF(AND(D13="Wet Swale",E13="—"),INDEX(PARAMS_BMP,7,5),""))))))),"") | K13: =IFERROR(F13*G13*J13,0) | L13: =IFERROR(IF(I13=0,"",G13/I13),"") | M13: =IFERROR(IF(L13="","",IF(L13<=2,"✓","✗")),"") | P13: =IFERROR((N13+O13)/2,0) | R13: =IFERROR(IF(AND(D13="Permeable Pavement",E13="Enhanced"),INDEX(PARAMS_BMP,1,3),IF(AND(D13="Permeable Pavement",E13="Underdrained Enhanced"),INDEX(PARAMS_BMP,2,3),IF(AND(D13="Bioretention",E13="Standard"),INDEX(PARAMS_BMP,3,3),IF(AND(D13="Bioretention",E13="Enhanced"),INDEX(PARAMS_BMP,4,3),IF(AND(D13="Bioretention",E13="Enhanced w/ Underdrain"),INDEX(PARAMS_BMP,5,3),IF(AND(D13="Dry Swale",E13="—"),INDEX(PARAMS_BMP,6,3),IF(AND(D13="Wet Swale",E13="—"),INDEX(PARAMS_BMP,7,3),""))))))),"") | T13: =IFERROR(IF(AND(D13="Permeable Pavement",E13="Enhanced"),INDEX(PARAMS_BMP,1,4),IF(AND(D13="Permeable Pavement",E13="Underdrained Enhanced"),INDEX(PARAMS_BMP,2,4),IF(AND(D13="Bioretention",E13="Standard"),INDEX(PARAMS_BMP,3,4),IF(AND(D13="Bioretention",E13="Enhanced"),INDEX(PARAMS_BMP,4,4),IF(AND(D13="Bioretention",E13="Enhanced w/ Underdrain"),INDEX(PARAMS_BMP,5,4),IF(AND(D13="Dry Swale",E13="—"),INDEX(PARAMS_BMP,6,4),IF(AND(D13="Wet Swale",E13="—"),INDEX(PARAMS_BMP,7,4),""))))))),"") | V13: =IFERROR(IF(OR(E13="Enhanced",E13="Enhanced w/ Underdrain"),VLOOKUP(IF(SUMIFS('CDA'!$E$4:$E$53,'CDA'!$A$4:$A$53,C13,'CDA'!$D$4:$D$53,"D")>0,"D",IF(SUMIFS('CDA'!$E$4:$E$53,'CDA'!$A$4:$A$53,C13,'CDA'!$D$4:$D$53,"C")>0,"C",IF(SUMIFS('CDA'!$E$4:$E$53,'CDA'!$A$4:$A$53,C13,'CDA'!$D$4:$D$53,"B")>0,"B",IF(SUMIFS('CDA'!$E$4:$E$53,'CDA'!$A$4:$A$53,C13,'CDA'!$D$4:$D$53,"A")>0,"A","")))),PARAMS_Ksat,2,FALSE),0),0) | W13: =IFERROR(P13*(Q13*R13+S13*T13+U13),0) | X13: =IFERROR(IF(V13=0,"",(Q13+S13)/V13),"") | AA13: =IFERROR(Y13+Z13,0) | AH13: =IFERROR(AB13*INDEX(PARAMS_Trees,1,3)+AC13*INDEX(PARAMS_Trees,2,3)+AD13*INDEX(PARAMS_Trees,3,3)+AE13*INDEX(PARAMS_Trees,4,3)+AF13*INDEX(PARAMS_Trees,5,3)+AG13*INDEX(PARAMS_Trees,6,3),0) | AI13: =IFERROR(K13+W13+AA13,0) | AJ13: =IFERROR(IF(AND(D13="Permeable Pavement",E13="Enhanced"),INDEX(PARAMS_BMP,1,6),IF(AND(D13="Permeable Pavement",E13="Underdrained Enhanced"),INDEX(PARAMS_BMP,2,6),IF(AND(D13="Bioretention",E13="Standard"),INDEX(PARAMS_BMP,3,6),IF(AND(D13="Bioretention",E13="Enhanced"),INDEX(PARAMS_BMP,4,6),IF(AND(D13="Bioretention",E13="Enhanced w/ Underdrain"),INDEX(PARAMS_BMP,5,6),IF(AND(D13="Dry Swale",E13="—"),INDEX(PARAMS_BMP,6,6),IF(AND(D13="Wet Swale",E13="—"),INDEX(PARAMS_BMP,7,6),""))))))),"") | AK13: =IFERROR(AI13*AJ13+AH13,0) | AL13: =IFERROR(VLOOKUP(C13,'CDA'!$A$58:$D$67,4,FALSE),0) | AM13: =IFERROR(IF(AL13=0,AK13,MIN(AK13,AL13)),0)
I14: =IFERROR(IF(OR(E14="Enhanced",E14="Underdrained Enhanced"),VLOOKUP(IF(SUMIFS('CDA'!$E$4:$E$53,'CDA'!$A$4:$A$53,C14,'CDA'!$D$4:$D$53,"D")>0,"D",IF(SUMIFS('CDA'!$E$4:$E$53,'CDA'!$A$4:$A$53,C14,'CDA'!$D$4:$D$53,"C")>0,"C",IF(SUMIFS('CDA'!$E$4:$E$53,'CDA'!$A$4:$A$53,C14,'CDA'!$D$4:$D$53,"B")>0,"B",IF(SUMIFS('CDA'!$E$4:$E$53,'CDA'!$A$4:$A$53,C14,'CDA'!$D$4:$D$53,"A")>0,"A","")))),PARAMS_Ksat,2,FALSE),0),0) | J14: =IFERROR(IF(AND(D14="Permeable Pavement",E14="Enhanced"),INDEX(PARAMS_BMP,1,5),IF(AND(D14="Permeable Pavement",E14="Underdrained Enhanced"),INDEX(PARAMS_BMP,2,5),IF(AND(D14="Bioretention",E14="Standard"),INDEX(PARAMS_BMP,3,5),IF(AND(D14="Bioretention",E14="Enhanced"),INDEX(PARAMS_BMP,4,5),IF(AND(D14="Bioretention",E14="Enhanced w/ Underdrain"),INDEX(PARAMS_BMP,5,5),IF(AND(D14="Dry Swale",E14="—"),INDEX(PARAMS_BMP,6,5),IF(AND(D14="Wet Swale",E14="—"),INDEX(PARAMS_BMP,7,5),""))))))),"") | K14: =IFERROR(F14*G14*J14,0) | L14: =IFERROR(IF(I14=0,"",G14/I14),"") | M14: =IFERROR(IF(L14="","",IF(L14<=2,"✓","✗")),"") | P14: =IFERROR((N14+O14)/2,0) | R14: =IFERROR(IF(AND(D14="Permeable Pavement",E14="Enhanced"),INDEX(PARAMS_BMP,1,3),IF(AND(D14="Permeable Pavement",E14="Underdrained Enhanced"),INDEX(PARAMS_BMP,2,3),IF(AND(D14="Bioretention",E14="Standard"),INDEX(PARAMS_BMP,3,3),IF(AND(D14="Bioretention",E14="Enhanced"),INDEX(PARAMS_BMP,4,3),IF(AND(D14="Bioretention",E14="Enhanced w/ Underdrain"),INDEX(PARAMS_BMP,5,3),IF(AND(D14="Dry Swale",E14="—"),INDEX(PARAMS_BMP,6,3),IF(AND(D14="Wet Swale",E14="—"),INDEX(PARAMS_BMP,7,3),""))))))),"") | T14: =IFERROR(IF(AND(D14="Permeable Pavement",E14="Enhanced"),INDEX(PARAMS_BMP,1,4),IF(AND(D14="Permeable Pavement",E14="Underdrained Enhanced"),INDEX(PARAMS_BMP,2,4),IF(AND(D14="Bioretention",E14="Standard"),INDEX(PARAMS_BMP,3,4),IF(AND(D14="Bioretention",E14="Enhanced"),INDEX(PARAMS_BMP,4,4),IF(AND(D14="Bioretention",E14="Enhanced w/ Underdrain"),INDEX(PARAMS_BMP,5,4),IF(AND(D14="Dry Swale",E14="—"),INDEX(PARAMS_BMP,6,4),IF(AND(D14="Wet Swale",E14="—"),INDEX(PARAMS_BMP,7,4),""))))))),"") | V14: =IFERROR(IF(OR(E14="Enhanced",E14="Enhanced w/ Underdrain"),VLOOKUP(IF(SUMIFS('CDA'!$E$4:$E$53,'CDA'!$A$4:$A$53,C14,'CDA'!$D$4:$D$53,"D")>0,"D",IF(SUMIFS('CDA'!$E$4:$E$53,'CDA'!$A$4:$A$53,C14,'CDA'!$D$4:$D$53,"C")>0,"C",IF(SUMIFS('CDA'!$E$4:$E$53,'CDA'!$A$4:$A$53,C14,'CDA'!$D$4:$D$53,"B")>0,"B",IF(SUMIFS('CDA'!$E$4:$E$53,'CDA'!$A$4:$A$53,C14,'CDA'!$D$4:$D$53,"A")>0,"A","")))),PARAMS_Ksat,2,FALSE),0),0) | W14: =IFERROR(P14*(Q14*R14+S14*T14+U14),0) | X14: =IFERROR(IF(V14=0,"",(Q14+S14)/V14),"") | AA14: =IFERROR(Y14+Z14,0) | AH14: =IFERROR(AB14*INDEX(PARAMS_Trees,1,3)+AC14*INDEX(PARAMS_Trees,2,3)+AD14*INDEX(PARAMS_Trees,3,3)+AE14*INDEX(PARAMS_Trees,4,3)+AF14*INDEX(PARAMS_Trees,5,3)+AG14*INDEX(PARAMS_Trees,6,3),0) | AI14: =IFERROR(K14+W14+AA14,0) | AJ14: =IFERROR(IF(AND(D14="Permeable Pavement",E14="Enhanced"),INDEX(PARAMS_BMP,1,6),IF(AND(D14="Permeable Pavement",E14="Underdrained Enhanced"),INDEX(PARAMS_BMP,2,6),IF(AND(D14="Bioretention",E14="Standard"),INDEX(PARAMS_BMP,3,6),IF(AND(D14="Bioretention",E14="Enhanced"),INDEX(PARAMS_BMP,4,6),IF(AND(D14="Bioretention",E14="Enhanced w/ Underdrain"),INDEX(PARAMS_BMP,5,6),IF(AND(D14="Dry Swale",E14="—"),INDEX(PARAMS_BMP,6,6),IF(AND(D14="Wet Swale",E14="—"),INDEX(PARAMS_BMP,7,6),""))))))),"") | AK14: =IFERROR(AI14*AJ14+AH14,0) | AL14: =IFERROR(VLOOKUP(C14,'CDA'!$A$58:$D$67,4,FALSE),0) | AM14: =IFERROR(IF(AL14=0,AK14,MIN(AK14,AL14)),0)
I15: =IFERROR(IF(OR(E15="Enhanced",E15="Underdrained Enhanced"),VLOOKUP(IF(SUMIFS('CDA'!$E$4:$E$53,'CDA'!$A$4:$A$53,C15,'CDA'!$D$4:$D$53,"D")>0,"D",IF(SUMIFS('CDA'!$E$4:$E$53,'CDA'!$A$4:$A$53,C15,'CDA'!$D$4:$D$53,"C")>0,"C",IF(SUMIFS('CDA'!$E$4:$E$53,'CDA'!$A$4:$A$53,C15,'CDA'!$D$4:$D$53,"B")>0,"B",IF(SUMIFS('CDA'!$E$4:$E$53,'CDA'!$A$4:$A$53,C15,'CDA'!$D$4:$D$53,"A")>0,"A","")))),PARAMS_Ksat,2,FALSE),0),0) | J15: =IFERROR(IF(AND(D15="Permeable Pavement",E15="Enhanced"),INDEX(PARAMS_BMP,1,5),IF(AND(D15="Permeable Pavement",E15="Underdrained Enhanced"),INDEX(PARAMS_BMP,2,5),IF(AND(D15="Bioretention",E15="Standard"),INDEX(PARAMS_BMP,3,5),IF(AND(D15="Bioretention",E15="Enhanced"),INDEX(PARAMS_BMP,4,5),IF(AND(D15="Bioretention",E15="Enhanced w/ Underdrain"),INDEX(PARAMS_BMP,5,5),IF(AND(D15="Dry Swale",E15="—"),INDEX(PARAMS_BMP,6,5),IF(AND(D15="Wet Swale",E15="—"),INDEX(PARAMS_BMP,7,5),""))))))),"") | K15: =IFERROR(F15*G15*J15,0) | L15: =IFERROR(IF(I15=0,"",G15/I15),"") | M15: =IFERROR(IF(L15="","",IF(L15<=2,"✓","✗")),"") | P15: =IFERROR((N15+O15)/2,0) | R15: =IFERROR(IF(AND(D15="Permeable Pavement",E15="Enhanced"),INDEX(PARAMS_BMP,1,3),IF(AND(D15="Permeable Pavement",E15="Underdrained Enhanced"),INDEX(PARAMS_BMP,2,3),IF(AND(D15="Bioretention",E15="Standard"),INDEX(PARAMS_BMP,3,3),IF(AND(D15="Bioretention",E15="Enhanced"),INDEX(PARAMS_BMP,4,3),IF(AND(D15="Bioretention",E15="Enhanced w/ Underdrain"),INDEX(PARAMS_BMP,5,3),IF(AND(D15="Dry Swale",E15="—"),INDEX(PARAMS_BMP,6,3),IF(AND(D15="Wet Swale",E15="—"),INDEX(PARAMS_BMP,7,3),""))))))),"") | T15: =IFERROR(IF(AND(D15="Permeable Pavement",E15="Enhanced"),INDEX(PARAMS_BMP,1,4),IF(AND(D15="Permeable Pavement",E15="Underdrained Enhanced"),INDEX(PARAMS_BMP,2,4),IF(AND(D15="Bioretention",E15="Standard"),INDEX(PARAMS_BMP,3,4),IF(AND(D15="Bioretention",E15="Enhanced"),INDEX(PARAMS_BMP,4,4),IF(AND(D15="Bioretention",E15="Enhanced w/ Underdrain"),INDEX(PARAMS_BMP,5,4),IF(AND(D15="Dry Swale",E15="—"),INDEX(PARAMS_BMP,6,4),IF(AND(D15="Wet Swale",E15="—"),INDEX(PARAMS_BMP,7,4),""))))))),"") | V15: =IFERROR(IF(OR(E15="Enhanced",E15="Enhanced w/ Underdrain"),VLOOKUP(IF(SUMIFS('CDA'!$E$4:$E$53,'CDA'!$A$4:$A$53,C15,'CDA'!$D$4:$D$53,"D")>0,"D",IF(SUMIFS('CDA'!$E$4:$E$53,'CDA'!$A$4:$A$53,C15,'CDA'!$D$4:$D$53,"C")>0,"C",IF(SUMIFS('CDA'!$E$4:$E$53,'CDA'!$A$4:$A$53,C15,'CDA'!$D$4:$D$53,"B")>0,"B",IF(SUMIFS('CDA'!$E$4:$E$53,'CDA'!$A$4:$A$53,C15,'CDA'!$D$4:$D$53,"A")>0,"A","")))),PARAMS_Ksat,2,FALSE),0),0) | W15: =IFERROR(P15*(Q15*R15+S15*T15+U15),0) | X15: =IFERROR(IF(V15=0,"",(Q15+S15)/V15),"") | AA15: =IFERROR(Y15+Z15,0) | AH15: =IFERROR(AB15*INDEX(PARAMS_Trees,1,3)+AC15*INDEX(PARAMS_Trees,2,3)+AD15*INDEX(PARAMS_Trees,3,3)+AE15*INDEX(PARAMS_Trees,4,3)+AF15*INDEX(PARAMS_Trees,5,3)+AG15*INDEX(PARAMS_Trees,6,3),0) | AI15: =IFERROR(K15+W15+AA15,0) | AJ15: =IFERROR(IF(AND(D15="Permeable Pavement",E15="Enhanced"),INDEX(PARAMS_BMP,1,6),IF(AND(D15="Permeable Pavement",E15="Underdrained Enhanced"),INDEX(PARAMS_BMP,2,6),IF(AND(D15="Bioretention",E15="Standard"),INDEX(PARAMS_BMP,3,6),IF(AND(D15="Bioretention",E15="Enhanced"),INDEX(PARAMS_BMP,4,6),IF(AND(D15="Bioretention",E15="Enhanced w/ Underdrain"),INDEX(PARAMS_BMP,5,6),IF(AND(D15="Dry Swale",E15="—"),INDEX(PARAMS_BMP,6,6),IF(AND(D15="Wet Swale",E15="—"),INDEX(PARAMS_BMP,7,6),""))))))),"") | AK15: =IFERROR(AI15*AJ15+AH15,0) | AL15: =IFERROR(VLOOKUP(C15,'CDA'!$A$58:$D$67,4,FALSE),0) | AM15: =IFERROR(IF(AL15=0,AK15,MIN(AK15,AL15)),0)
... I53: =IFERROR(IF(OR(E53="Enhanced",E53="Underdrained Enhanced"),VLOOKUP(IF(SUMIFS('CDA'!$E$4:$E$53,'CDA'!$A$4:$A$53,C53,'CDA'!$D$4:$D$53,"D")>0,"D",IF(SUMIFS('CDA'!$E$4:$E$53,'CDA'!$A$4:$A$53,C53,'CDA'!$D$4:$D$53,"C")>0,"C",IF(SUMIFS('CDA'!$E$4:$E$53,'CDA'!$A$4:$A$53,C53,'CDA'!$D$4:$D$53,"B")>0,"B",IF(SUMIFS('CDA'!$E$4:$E$53,'CDA'!$A$4:$A$53,C53,'CDA'!$D$4:$D$53,"A")>0,"A","")))),PARAMS_Ksat,2,FALSE),0),0) | J53: =IFERROR(IF(AND(D53="Permeable Pavement",E53="Enhanced"),INDEX(PARAMS_BMP,1,5),IF(AND(D53="Permeable Pavement",E53="Underdrained Enhanced"),INDEX(PARAMS_BMP,2,5),IF(AND(D53="Bioretention",E53="Standard"),INDEX(PARAMS_BMP,3,5),IF(AND(D53="Bioretention",E53="Enhanced"),INDEX(PARAMS_BMP,4,5),IF(AND(D53="Bioretention",E53="Enhanced w/ Underdrain"),INDEX(PARAMS_BMP,5,5),IF(AND(D53="Dry Swale",E53="—"),INDEX(PARAMS_BMP,6,5),IF(AND(D53="Wet Swale",E53="—"),INDEX(PARAMS_BMP,7,5),""))))))),"") | K53: =IFERROR(F53*G53*J53,0) | L53: =IFERROR(IF(I53=0,"",G53/I53),"") | M53: =IFERROR(IF(L53="","",IF(L53<=2,"✓","✗")),"") | P53: =IFERROR((N53+O53)/2,0) | R53: =IFERROR(IF(AND(D53="Permeable Pavement",E53="Enhanced"),INDEX(PARAMS_BMP,1,3),IF(AND(D53="Permeable Pavement",E53="Underdrained Enhanced"),INDEX(PARAMS_BMP,2,3),IF(AND(D53="Bioretention",E53="Standard"),INDEX(PARAMS_BMP,3,3),IF(AND(D53="Bioretention",E53="Enhanced"),INDEX(PARAMS_BMP,4,3),IF(AND(D53="Bioretention",E53="Enhanced w/ Underdrain"),INDEX(PARAMS_BMP,5,3),IF(AND(D53="Dry Swale",E53="—"),INDEX(PARAMS_BMP,6,3),IF(AND(D53="Wet Swale",E53="—"),INDEX(PARAMS_BMP,7,3),""))))))),"") | T53: =IFERROR(IF(AND(D53="Permeable Pavement",E53="Enhanced"),INDEX(PARAMS_BMP,1,4),IF(AND(D53="Permeable Pavement",E53="Underdrained Enhanced"),INDEX(PARAMS_BMP,2,4),IF(AND(D53="Bioretention",E53="Standard"),INDEX(PARAMS_BMP,3,4),IF(AND(D53="Bioretention",E53="Enhanced"),INDEX(PARAMS_BMP,4,4),IF(AND(D53="Bioretention",E53="Enhanced w/ Underdrain"),INDEX(PARAMS_BMP,5,4),IF(AND(D53="Dry Swale",E53="—"),INDEX(PARAMS_BMP,6,4),IF(AND(D53="Wet Swale",E53="—"),INDEX(PARAMS_BMP,7,4),""))))))),"") | V53: =IFERROR(IF(OR(E53="Enhanced",E53="Enhanced w/ Underdrain"),VLOOKUP(IF(SUMIFS('CDA'!$E$4:$E$53,'CDA'!$A$4:$A$53,C53,'CDA'!$D$4:$D$53,"D")>0,"D",IF(SUMIFS('CDA'!$E$4:$E$53,'CDA'!$A$4:$A$53,C53,'CDA'!$D$4:$D$53,"C")>0,"C",IF(SUMIFS('CDA'!$E$4:$E$53,'CDA'!$A$4:$A$53,C53,'CDA'!$D$4:$D$53,"B")>0,"B",IF(SUMIFS('CDA'!$E$4:$E$53,'CDA'!$A$4:$A$53,C53,'CDA'!$D$4:$D$53,"A")>0,"A","")))),PARAMS_Ksat,2,FALSE),0),0) | W53: =IFERROR(P53*(Q53*R53+S53*T53+U53),0) | X53: =IFERROR(IF(V53=0,"",(Q53+S53)/V53),"") | AA53: =IFERROR(Y53+Z53,0) | AH53: =IFERROR(AB53*INDEX(PARAMS_Trees,1,3)+AC53*INDEX(PARAMS_Trees,2,3)+AD53*INDEX(PARAMS_Trees,3,3)+AE53*INDEX(PARAMS_Trees,4,3)+AF53*INDEX(PARAMS_Trees,5,3)+AG53*INDEX(PARAMS_Trees,6,3),0) | AI53: =IFERROR(K53+W53+AA53,0) | AJ53: =IFERROR(IF(AND(D53="Permeable Pavement",E53="Enhanced"),INDEX(PARAMS_BMP,1,6),IF(AND(D53="Permeable Pavement",E53="Underdrained Enhanced"),INDEX(PARAMS_BMP,2,6),IF(AND(D53="Bioretention",E53="Standard"),INDEX(PARAMS_BMP,3,6),IF(AND(D53="Bioretention",E53="Enhanced"),INDEX(PARAMS_BMP,4,6),IF(AND(D53="Bioretention",E53="Enhanced w/ Underdrain"),INDEX(PARAMS_BMP,5,6),IF(AND(D53="Dry Swale",E53="—"),INDEX(PARAMS_BMP,6,6),IF(AND(D53="Wet Swale",E53="—"),INDEX(PARAMS_BMP,7,6),""))))))),"") | AK53: =IFERROR(AI53*AJ53+AH53,0) | AL53: =IFERROR(VLOOKUP(C53,'CDA'!$A$58:$D$67,4,FALSE),0) | AM53: =IFERROR(IF(AL53=0,AK53,MIN(AK53,AL53)),0)
A56: SDA Compliance Summary — Σ Rv Applied vs. SWRv Required per SDA
A57: SDA_ID | B57: SWRv Required (CF) | C57: Rv Provided (CF) | D57: Surplus / Deficit (CF) | E57: Status
A58: ='SDA'!A58 | B58: ='SDA'!J58 | C58: =SUMIFS($AM$4:$AM$53,$B$4:$B$53,A58) | D58: =IFERROR(C58-B58,"") | E58: =IFERROR(IF(B58=0,"—",IF(D58>=0,"✓","✗")),"")
A59: ='SDA'!A59 | B59: ='SDA'!J59 | C59: =SUMIFS($AM$4:$AM$53,$B$4:$B$53,A59) | D59: =IFERROR(C59-B59,"") | E59: =IFERROR(IF(B59=0,"—",IF(D59>=0,"✓","✗")),"")
A60: ='SDA'!A60 | B60: ='SDA'!J60 | C60: =SUMIFS($AM$4:$AM$53,$B$4:$B$53,A60) | D60: =IFERROR(C60-B60,"") | E60: =IFERROR(IF(B60=0,"—",IF(D60>=0,"✓","✗")),"")
A61: ='SDA'!A61 | B61: ='SDA'!J61 | C61: =SUMIFS($AM$4:$AM$53,$B$4:$B$53,A61) | D61: =IFERROR(C61-B61,"") | E61: =IFERROR(IF(B61=0,"—",IF(D61>=0,"✓","✗")),"")
A62: ='SDA'!A62 | B62: ='SDA'!J62 | C62: =SUMIFS($AM$4:$AM$53,$B$4:$B$53,A62) | D62: =IFERROR(C62-B62,"") | E62: =IFERROR(IF(B62=0,"—",IF(D62>=0,"✓","✗")),"")
A63: ='SDA'!A63 | B63: ='SDA'!J63 | C63: =SUMIFS($AM$4:$AM$53,$B$4:$B$53,A63) | D63: =IFERROR(C63-B63,"") | E63: =IFERROR(IF(B63=0,"—",IF(D63>=0,"✓","✗")),"")
A64: ='SDA'!A64 | B64: ='SDA'!J64 | C64: =SUMIFS($AM$4:$AM$53,$B$4:$B$53,A64) | D64: =IFERROR(C64-B64,"") | E64: =IFERROR(IF(B64=0,"—",IF(D64>=0,"✓","✗")),"")
A65: ='SDA'!A65 | B65: ='SDA'!J65 | C65: =SUMIFS($AM$4:$AM$53,$B$4:$B$53,A65) | D65: =IFERROR(C65-B65,"") | E65: =IFERROR(IF(B65=0,"—",IF(D65>=0,"✓","✗")),"")
A66: ='SDA'!A66 | B66: ='SDA'!J66 | C66: =SUMIFS($AM$4:$AM$53,$B$4:$B$53,A66) | D66: =IFERROR(C66-B66,"") | E66: =IFERROR(IF(B66=0,"—",IF(D66>=0,"✓","✗")),"")
A67: ='SDA'!A67 | B67: ='SDA'!J67 | C67: =SUMIFS($AM$4:$AM$53,$B$4:$B$53,A67) | D67: =IFERROR(C67-B67,"") | E67: =IFERROR(IF(B67=0,"—",IF(D67>=0,"✓","✗")),"")

Sheet CORRECT_MEP_SUMMARY
B1: Project Name: | D1: =PROJECT_Name | H1: Project No: | L1: Check One: MS4 / CSS | N1: =PROJECT_MS4 | P1: Check if in AWDZ: | R1: =PROJECT_AWDZ | S1: DOEE Plan Review No.: | T1: =PROJECT_DOEEReview | W1: Project Name: | Y1: =IF(D1="","",D1) | AE1: DOEE Plan Review No.: | AF1: =IF(T1="","",T1)
B2: Summary Data: 90%/Final Design Phase | L2: Notes: | W2: =B2
I3: Regulated Retention Volume (1.2"): | J3: =J45 | K3: CF | L3: Blocks in the worksheet that are not shaded are data entry fields for the designer. | AE3: =I3 | AF3: =J3 | AG3: =K3
B4: Disturbance Area (ac.): | E4: =E45/43560 | I4: Volume Retained: | J4: =AL45 | K4: CF | L4: All shaded blocks are computations internal to the worksheet and should not be edited. | W4: =B4 | Z4: =E4 | AE4: =I4 | AF4: =J4 | AG4: =K4
B5: No. of Drainage Areas: | E5: =COUNTA(A12:A44) | I5: Difference: | J5: =J4-J3 | K5: CF | W5: =B5 | Z5: =E5 | AE5: =I5 | AF5: =J5 | AG5: =K5
B7: Step 1: Drainage Area and Regulated Volumes | L7: Step 2: Consider Infiltration | Q7: Step 3: Evaluate Existing Infrastructure Constraints | W7: Step 4: Identify Land Conversion and BMP Placement Opportunities | AC7: Step 5: Size BMPs and Compute Achieved Retention Volumes
B8: Update from 65% based on refined or revised design: Number and list each drainage area within the project limits of disturbance (LOD). Provide the drainage area square footage that contributes runoff in the LOD and outside the LOD. The SWRv is calculated for each drainage area. Provide corresponding drainage area identifications on the SWMP. | L8: Record the water table, bedrock concerns, infiltration rate, and hotspot concerns within the LOD for each drainage area. | Q8: On the SWMP, depict utility locations and conveyance infrastructure to confirm/adjust opportunities for land conversions and BMPs. Delineate areas of potential conflict, and areas without conflict, including areas where minimum depths for BMPs can not be met. Delineate trees (size, species, condition) and tree protection. | W8: For land conversion and BMP opportunities already defined at 30%, and for new opportunities added, provide the areas below. Land Conversion and BMP surface areas within the LOD must be reflected in the SWRv computation; update those columns as necessary. Additional allowable BMPs such as impervious surface disconnection, swales, and infiltration should also be considered and described in the narrative. Describe the reason for eliminated Land Conversion/BMP locations. | AC8: Provide the contributing drainage area to the BMP locations. The ceiling stormwater runoff volume reaching the BMPs is calculated. | AG8: Calculate and sum the total maximum possible BMP storage volumes. Total the number of proposed trees meeting the required soil volume to be considered for stormwater retention volume. Total the maximum retention volume capacity of all facilities and compare to the required regulated volume. If a deficit exists, review BMP placements/sizes to determine if additional volume can be captured.
A9: Drainage Area ID | B9: Drainage Area | J9: SWRv | L9: Hydrologic Soil Group | M9: Water Table OK? | N9: Bedrock Elevation OK? | O9: Infiltration Rate | P9: Hotspot Concern Found? | Q9: Preservation of Small, Large, and/or Special/Heritage Trees which are in fair or better condition | W9: Land Conversion Area | Y9: Bioretention Opportunity Areas | AA9: Permeable Pavement Opportunity Areas | AC9: Total BMP Contributing Drainage Area | AE9: 1.7 inch (ceiling) stormwater runoff reaching BMPs | AG9: Max. Storage Volume of Bioretention Based on Size (Total in DA - See separate sizing computations) | AH9: Max. Storage Volume of Permeable Pavement. Based on Size (Total in DA - See separate sizing computations) | AI9: Max. "Other" Storage Volume - (Total in DA - See separate sizing computations) | AJ9: No. of proposed small trees meeting soil volume requirement | AK9: No. of proposed large trees meeting soil volume requirement | AL9: Total Sv Practice -Maximum Retention Volume Achievable (BMPs and Trees) | AM9: Overage / (Deficit) Volume (as compared to SWRv) | AP9: Runoff Coefficient
B10: Impervious within LOD | C10: Compacted within LOD | D10: Natural within LOD | E10: Total within LOD | F10: Impervious outside LOD | G10: Compacted outside LOD | H10: Natural outside LOD | I10: Total outside LOD | J10: Within LOD | K10: Outside LOD | W10: Within LOD | X10: Adjacent to LOD | Y10: Within LOD | Z10: Adjacent to LOD | AA10: Within LOD | AB10: Adjacent to LOD | AC10: Within LOD | AD10: Adjacent to LOD | AE10: Within LOD | AF10: Adjacent to LOD | AP10: Within LOD | AQ10: Outside LOD
B11: SF | C11: SF | D11: SF | E11: SF | F11: SF | G11: SF | H11: SF | I11: SF | J11: CF | K11: CF | L11: A, B, C, D, or Urban Land | M11: Y/N | N11: Y/N | O11: in-hr | P11: Y/N | Q11: # of Small Trees | R11: Tree Volume Credit (CF) | S11: # of Large Trees | T11: Tree Volume Credit (CF) | U11: # of Special/ Heritage Trees | V11: Tree Volume Credit (CF) | W11: SF | X11: SF | Y11: SF | Z11: SF | AA11: SF | AB11: SF | AC11: SF | AD11: SF | AE11: CF | AF11: CF | AG11: CF | AH11: CF | AI11: CF | AJ11: EA | AK11: EA | AL11: CF | AM11: CF | AP11: (unitless) | AQ11: (unitless)
A12: =IF('SDA'!A58="","",'SDA'!A58) | B12: =IF(A12="","",'SDA'!F58) | C12: =IF(A12="","",'SDA'!G58) | D12: =IF(A12="","",'SDA'!H58) | E12: =IF(A12="","",SUM(B12:D12)) | F12: =IF(A12="","",SUMIFS('SDA'!$H$4:$H$53,'SDA'!$A$4:$A$53,A12,'SDA'!$C$4:$C$53,"Impervious Vehicular")+SUMIFS('SDA'!$H$4:$H$53,'SDA'!$A$4:$A$53,A12,'SDA'!$C$4:$C$53,"Impervious Non-Vehicular")) | G12: =IF(A12="","",SUMIFS('SDA'!$H$4:$H$53,'SDA'!$A$4:$A$53,A12,'SDA'!$C$4:$C$53,"Compacted (Open Space)")) | H12: =IF(A12="","",SUMIFS('SDA'!$H$4:$H$53,'SDA'!$A$4:$A$53,A12,'SDA'!$C$4:$C$53,"Natural (Woods)")) | I12: =IF(A12="","",SUM(F12:H12)) | J12: =IF(A12="","",IF(E12=0,0,AP12*1.2/12*E12)) | K12: =IF(A12="","",IF(I12=0,0,AQ12*1.2/12*I12)) | L12: =IF(A12="","",IF(SUMIFS('SDA'!$G$4:$G$53,'SDA'!$A$4:$A$53,A12,'SDA'!$D$4:$D$53,"D")>0,"D",IF(SUMIFS('SDA'!$G$4:$G$53,'SDA'!$A$4:$A$53,A12,'SDA'!$D$4:$D$53,"C")>0,"C",IF(SUMIFS('SDA'!$G$4:$G$53,'SDA'!$A$4:$A$53,A12,'SDA'!$D$4:$D$53,"B")>0,"B",IF(SUMIFS('SDA'!$G$4:$G$53,'SDA'!$A$4:$A$53,A12,'SDA'!$D$4:$D$53,"A")>0,"A",""))))) | O12: =IF(A12="","",IF(L12="A",2.5,IF(L12="B",0.3,IF(L12="C",0.1,IF(L12="D",0.05,""))))) | Q12: =IF(A12="","",SUMIFS('BMP'!$AD$4:$AD$53,'BMP'!$B$4:$B$53,A12)) | R12: =IF(A12="","",Q12*10) | S12: =IF(A12="","",SUMIFS('BMP'!$AE$4:$AE$53,'BMP'!$B$4:$B$53,A12)) | T12: =IF(A12="","",S12*20) | U12: =IF(A12="","",SUMIFS('BMP'!$AF$4:$AF$53,'BMP'!$B$4:$B$53,A12)+SUMIFS('BMP'!$AG$4:$AG$53,'BMP'!$B$4:$B$53,A12)) | V12: =IF(A12="","",U12*40) | Y12: =IF(A12="","",SUMIFS('BMP'!$N$4:$N$53,'BMP'!$B$4:$B$53,A12,'BMP'!$D$4:$D$53,"Bioretention")+SUMIFS('BMP'!$N$4:$N$53,'BMP'!$B$4:$B$53,A12,'BMP'!$D$4:$D$53,"Dry Swale")) | AA12: =IF(A12="","",SUMIFS('BMP'!$F$4:$F$53,'BMP'!$B$4:$B$53,A12,'BMP'!$D$4:$D$53,"Permeable Pavement")) | AC12: =IF(A12="","",SUMIFS('CDA'!$E$4:$E$53,'CDA'!$B$4:$B$53,A12)) | AD12: =IF(A12="","",SUMIFS('CDA'!$F$4:$F$53,'CDA'!$B$4:$B$53,A12)) | AE12: =IF(A12="","",IF(AC12=0,0,AC12*1.7/12*AP12)) | AF12: =IF(A12="","",IF(AD12=0,0,AD12*1.7/12*AQ12)) | AG12: =IF(A12="","",SUMIFS('BMP'!$W$4:$W$53,'BMP'!$B$4:$B$53,A12,'BMP'!$D$4:$D$53,"Bioretention")+SUMIFS('BMP'!$W$4:$W$53,'BMP'!$B$4:$B$53,A12,'BMP'!$D$4:$D$53,"Dry Swale")) | AH12: =IF(A12="","",SUMIFS('BMP'!$K$4:$K$53,'BMP'!$B$4:$B$53,A12,'BMP'!$D$4:$D$53,"Permeable Pavement")) | AI12: =IF(A12="","",SUMIFS('BMP'!$AA$4:$AA$53,'BMP'!$B$4:$B$53,A12,'BMP'!$D$4:$D$53,"Wet Swale")) | AJ12: =IF(A12="","",SUMIFS('BMP'!$AB$4:$AB$53,'BMP'!$B$4:$B$53,A12)) | AK12: =IF(A12="","",SUMIFS('BMP'!$AC$4:$AC$53,'BMP'!$B$4:$B$53,A12)) | AL12: =IF(A12="","",(IF((AE12)<(AG12+AH12+AI12),(AE12),(AG12+AH12+AI12)))+AJ12*5+AK12*10+R12+T12+V12) | AM12: =IF(A12="","",AL12-J12) | AP12: =IF(A12="","",IF(E12=0,"",(B12*0.95+C12*0.25+D12*0)/E12)) | AQ12: =IF(A12="","",IF(I12=0,"",(F12*0.95+G12*0.25+H12*0)/I12))
A13: =IF('SDA'!A59="","",'SDA'!A59) | B13: =IF(A13="","",'SDA'!F59) | C13: =IF(A13="","",'SDA'!G59) | D13: =IF(A13="","",'SDA'!H59) | E13: =IF(A13="","",SUM(B13:D13)) | F13: =IF(A13="","",SUMIFS('SDA'!$H$4:$H$53,'SDA'!$A$4:$A$53,A13,'SDA'!$C$4:$C$53,"Impervious Vehicular")+SUMIFS('SDA'!$H$4:$H$53,'SDA'!$A$4:$A$53,A13,'SDA'!$C$4:$C$53,"Impervious Non-Vehicular")) | G13: =IF(A13="","",SUMIFS('SDA'!$H$4:$H$53,'SDA'!$A$4:$A$53,A13,'SDA'!$C$4:$C$53,"Compacted (Open Space)")) | H13: =IF(A13="","",SUMIFS('SDA'!$H$4:$H$53,'SDA'!$A$4:$A$53,A13,'SDA'!$C$4:$C$53,"Natural (Woods)")) | I13: =IF(A13="","",SUM(F13:H13)) | J13: =IF(A13="","",IF(E13=0,0,AP13*1.2/12*E13)) | K13: =IF(A13="","",IF(I13=0,0,AQ13*1.2/12*I13)) | L13: =IF(A13="","",IF(SUMIFS('SDA'!$G$4:$G$53,'SDA'!$A$4:$A$53,A13,'SDA'!$D$4:$D$53,"D")>0,"D",IF(SUMIFS('SDA'!$G$4:$G$53,'SDA'!$A$4:$A$53,A13,'SDA'!$D$4:$D$53,"C")>0,"C",IF(SUMIFS('SDA'!$G$4:$G$53,'SDA'!$A$4:$A$53,A13,'SDA'!$D$4:$D$53,"B")>0,"B",IF(SUMIFS('SDA'!$G$4:$G$53,'SDA'!$A$4:$A$53,A13,'SDA'!$D$4:$D$53,"A")>0,"A",""))))) | O13: =IF(A13="","",IF(L13="A",2.5,IF(L13="B",0.3,IF(L13="C",0.1,IF(L13="D",0.05,""))))) | Q13: =IF(A13="","",SUMIFS('BMP'!$AD$4:$AD$53,'BMP'!$B$4:$B$53,A13)) | R13: =IF(A13="","",Q13*10) | S13: =IF(A13="","",SUMIFS('BMP'!$AE$4:$AE$53,'BMP'!$B$4:$B$53,A13)) | T13: =IF(A13="","",S13*20) | U13: =IF(A13="","",SUMIFS('BMP'!$AF$4:$AF$53,'BMP'!$B$4:$B$53,A13)+SUMIFS('BMP'!$AG$4:$AG$53,'BMP'!$B$4:$B$53,A13)) | V13: =IF(A13="","",U13*40) | Y13: =IF(A13="","",SUMIFS('BMP'!$N$4:$N$53,'BMP'!$B$4:$B$53,A13,'BMP'!$D$4:$D$53,"Bioretention")+SUMIFS('BMP'!$N$4:$N$53,'BMP'!$B$4:$B$53,A13,'BMP'!$D$4:$D$53,"Dry Swale")) | AA13: =IF(A13="","",SUMIFS('BMP'!$F$4:$F$53,'BMP'!$B$4:$B$53,A13,'BMP'!$D$4:$D$53,"Permeable Pavement")) | AC13: =IF(A13="","",SUMIFS('CDA'!$E$4:$E$53,'CDA'!$B$4:$B$53,A13)) | AD13: =IF(A13="","",SUMIFS('CDA'!$F$4:$F$53,'CDA'!$B$4:$B$53,A13)) | AE13: =IF(A13="","",IF(AC13=0,0,AC13*1.7/12*AP13)) | AF13: =IF(A13="","",IF(AD13=0,0,AD13*1.7/12*AQ13)) | AG13: =IF(A13="","",SUMIFS('BMP'!$W$4:$W$53,'BMP'!$B$4:$B$53,A13,'BMP'!$D$4:$D$53,"Bioretention")+SUMIFS('BMP'!$W$4:$W$53,'BMP'!$B$4:$B$53,A13,'BMP'!$D$4:$D$53,"Dry Swale")) | AH13: =IF(A13="","",SUMIFS('BMP'!$K$4:$K$53,'BMP'!$B$4:$B$53,A13,'BMP'!$D$4:$D$53,"Permeable Pavement")) | AI13: =IF(A13="","",SUMIFS('BMP'!$AA$4:$AA$53,'BMP'!$B$4:$B$53,A13,'BMP'!$D$4:$D$53,"Wet Swale")) | AJ13: =IF(A13="","",SUMIFS('BMP'!$AB$4:$AB$53,'BMP'!$B$4:$B$53,A13)) | AK13: =IF(A13="","",SUMIFS('BMP'!$AC$4:$AC$53,'BMP'!$B$4:$B$53,A13)) | AL13: =IF(A13="","",(IF((AE13)<(AG13+AH13+AI13),(AE13),(AG13+AH13+AI13)))+AJ13*5+AK13*10+R13+T13+V13) | AM13: =IF(A13="","",AL13-J13) | AP13: =IF(A13="","",IF(E13=0,"",(B13*0.95+C13*0.25+D13*0)/E13)) | AQ13: =IF(A13="","",IF(I13=0,"",(F13*0.95+G13*0.25+H13*0)/I13))
A14: =IF('SDA'!A60="","",'SDA'!A60) | B14: =IF(A14="","",'SDA'!F60) | C14: =IF(A14="","",'SDA'!G60) | D14: =IF(A14="","",'SDA'!H60) | E14: =IF(A14="","",SUM(B14:D14)) | F14: =IF(A14="","",SUMIFS('SDA'!$H$4:$H$53,'SDA'!$A$4:$A$53,A14,'SDA'!$C$4:$C$53,"Impervious Vehicular")+SUMIFS('SDA'!$H$4:$H$53,'SDA'!$A$4:$A$53,A14,'SDA'!$C$4:$C$53,"Impervious Non-Vehicular")) | G14: =IF(A14="","",SUMIFS('SDA'!$H$4:$H$53,'SDA'!$A$4:$A$53,A14,'SDA'!$C$4:$C$53,"Compacted (Open Space)")) | H14: =IF(A14="","",SUMIFS('SDA'!$H$4:$H$53,'SDA'!$A$4:$A$53,A14,'SDA'!$C$4:$C$53,"Natural (Woods)")) | I14: =IF(A14="","",SUM(F14:H14)) | J14: =IF(A14="","",IF(E14=0,0,AP14*1.2/12*E14)) | K14: =IF(A14="","",IF(I14=0,0,AQ14*1.2/12*I14)) | L14: =IF(A14="","",IF(SUMIFS('SDA'!$G$4:$G$53,'SDA'!$A$4:$A$53,A14,'SDA'!$D$4:$D$53,"D")>0,"D",IF(SUMIFS('SDA'!$G$4:$G$53,'SDA'!$A$4:$A$53,A14,'SDA'!$D$4:$D$53,"C")>0,"C",IF(SUMIFS('SDA'!$G$4:$G$53,'SDA'!$A$4:$A$53,A14,'SDA'!$D$4:$D$53,"B")>0,"B",IF(SUMIFS('SDA'!$G$4:$G$53,'SDA'!$A$4:$A$53,A14,'SDA'!$D$4:$D$53,"A")>0,"A",""))))) | O14: =IF(A14="","",IF(L14="A",2.5,IF(L14="B",0.3,IF(L14="C",0.1,IF(L14="D",0.05,""))))) | Q14: =IF(A14="","",SUMIFS('BMP'!$AD$4:$AD$53,'BMP'!$B$4:$B$53,A14)) | R14: =IF(A14="","",Q14*10) | S14: =IF(A14="","",SUMIFS('BMP'!$AE$4:$AE$53,'BMP'!$B$4:$B$53,A14)) | T14: =IF(A14="","",S14*20) | U14: =IF(A14="","",SUMIFS('BMP'!$AF$4:$AF$53,'BMP'!$B$4:$B$53,A14)+SUMIFS('BMP'!$AG$4:$AG$53,'BMP'!$B$4:$B$53,A14)) | V14: =IF(A14="","",U14*40) | Y14: =IF(A14="","",SUMIFS('BMP'!$N$4:$N$53,'BMP'!$B$4:$B$53,A14,'BMP'!$D$4:$D$53,"Bioretention")+SUMIFS('BMP'!$N$4:$N$53,'BMP'!$B$4:$B$53,A14,'BMP'!$D$4:$D$53,"Dry Swale")) | AA14: =IF(A14="","",SUMIFS('BMP'!$F$4:$F$53,'BMP'!$B$4:$B$53,A14,'BMP'!$D$4:$D$53,"Permeable Pavement")) | AC14: =IF(A14="","",SUMIFS('CDA'!$E$4:$E$53,'CDA'!$B$4:$B$53,A14)) | AD14: =IF(A14="","",SUMIFS('CDA'!$F$4:$F$53,'CDA'!$B$4:$B$53,A14)) | AE14: =IF(A14="","",IF(AC14=0,0,AC14*1.7/12*AP14)) | AF14: =IF(A14="","",IF(AD14=0,0,AD14*1.7/12*AQ14)) | AG14: =IF(A14="","",SUMIFS('BMP'!$W$4:$W$53,'BMP'!$B$4:$B$53,A14,'BMP'!$D$4:$D$53,"Bioretention")+SUMIFS('BMP'!$W$4:$W$53,'BMP'!$B$4:$B$53,A14,'BMP'!$D$4:$D$53,"Dry Swale")) | AH14: =IF(A14="","",SUMIFS('BMP'!$K$4:$K$53,'BMP'!$B$4:$B$53,A14,'BMP'!$D$4:$D$53,"Permeable Pavement")) | AI14: =IF(A14="","",SUMIFS('BMP'!$AA$4:$AA$53,'BMP'!$B$4:$B$53,A14,'BMP'!$D$4:$D$53,"Wet Swale")) | AJ14: =IF(A14="","",SUMIFS('BMP'!$AB$4:$AB$53,'BMP'!$B$4:$B$53,A14)) | AK14: =IF(A14="","",SUMIFS('BMP'!$AC$4:$AC$53,'BMP'!$B$4:$B$53,A14)) | AL14: =IF(A14="","",(IF((AE14)<(AG14+AH14+AI14),(AE14),(AG14+AH14+AI14)))+AJ14*5+AK14*10+R14+T14+V14) | AM14: =IF(A14="","",AL14-J14) | AP14: =IF(A14="","",IF(E14=0,"",(B14*0.95+C14*0.25+D14*0)/E14)) | AQ14: =IF(A14="","",IF(I14=0,"",(F14*0.95+G14*0.25+H14*0)/I14))
A15: =IF('SDA'!A61="","",'SDA'!A61) | B15: =IF(A15="","",'SDA'!F61) | C15: =IF(A15="","",'SDA'!G61) | D15: =IF(A15="","",'SDA'!H61) | E15: =IF(A15="","",SUM(B15:D15)) | F15: =IF(A15="","",SUMIFS('SDA'!$H$4:$H$53,'SDA'!$A$4:$A$53,A15,'SDA'!$C$4:$C$53,"Impervious Vehicular")+SUMIFS('SDA'!$H$4:$H$53,'SDA'!$A$4:$A$53,A15,'SDA'!$C$4:$C$53,"Impervious Non-Vehicular")) | G15: =IF(A15="","",SUMIFS('SDA'!$H$4:$H$53,'SDA'!$A$4:$A$53,A15,'SDA'!$C$4:$C$53,"Compacted (Open Space)")) | H15: =IF(A15="","",SUMIFS('SDA'!$H$4:$H$53,'SDA'!$A$4:$A$53,A15,'SDA'!$C$4:$C$53,"Natural (Woods)")) | I15: =IF(A15="","",SUM(F15:H15)) | J15: =IF(A15="","",IF(E15=0,0,AP15*1.2/12*E15)) | K15: =IF(A15="","",IF(I15=0,0,AQ15*1.2/12*I15)) | L15: =IF(A15="","",IF(SUMIFS('SDA'!$G$4:$G$53,'SDA'!$A$4:$A$53,A15,'SDA'!$D$4:$D$53,"D")>0,"D",IF(SUMIFS('SDA'!$G$4:$G$53,'SDA'!$A$4:$A$53,A15,'SDA'!$D$4:$D$53,"C")>0,"C",IF(SUMIFS('SDA'!$G$4:$G$53,'SDA'!$A$4:$A$53,A15,'SDA'!$D$4:$D$53,"B")>0,"B",IF(SUMIFS('SDA'!$G$4:$G$53,'SDA'!$A$4:$A$53,A15,'SDA'!$D$4:$D$53,"A")>0,"A",""))))) | O15: =IF(A15="","",IF(L15="A",2.5,IF(L15="B",0.3,IF(L15="C",0.1,IF(L15="D",0.05,""))))) | Q15: =IF(A15="","",SUMIFS('BMP'!$AD$4:$AD$53,'BMP'!$B$4:$B$53,A15)) | R15: =IF(A15="","",Q15*10) | S15: =IF(A15="","",SUMIFS('BMP'!$AE$4:$AE$53,'BMP'!$B$4:$B$53,A15)) | T15: =IF(A15="","",S15*20) | U15: =IF(A15="","",SUMIFS('BMP'!$AF$4:$AF$53,'BMP'!$B$4:$B$53,A15)+SUMIFS('BMP'!$AG$4:$AG$53,'BMP'!$B$4:$B$53,A15)) | V15: =IF(A15="","",U15*40) | Y15: =IF(A15="","",SUMIFS('BMP'!$N$4:$N$53,'BMP'!$B$4:$B$53,A15,'BMP'!$D$4:$D$53,"Bioretention")+SUMIFS('BMP'!$N$4:$N$53,'BMP'!$B$4:$B$53,A15,'BMP'!$D$4:$D$53,"Dry Swale")) | AA15: =IF(A15="","",SUMIFS('BMP'!$F$4:$F$53,'BMP'!$B$4:$B$53,A15,'BMP'!$D$4:$D$53,"Permeable Pavement")) | AC15: =IF(A15="","",SUMIFS('CDA'!$E$4:$E$53,'CDA'!$B$4:$B$53,A15)) | AD15: =IF(A15="","",SUMIFS('CDA'!$F$4:$F$53,'CDA'!$B$4:$B$53,A15)) | AE15: =IF(A15="","",IF(AC15=0,0,AC15*1.7/12*AP15)) | AF15: =IF(A15="","",IF(AD15=0,0,AD15*1.7/12*AQ15)) | AG15: =IF(A15="","",SUMIFS('BMP'!$W$4:$W$53,'BMP'!$B$4:$B$53,A15,'BMP'!$D$4:$D$53,"Bioretention")+SUMIFS('BMP'!$W$4:$W$53,'BMP'!$B$4:$B$53,A15,'BMP'!$D$4:$D$53,"Dry Swale")) | AH15: =IF(A15="","",SUMIFS('BMP'!$K$4:$K$53,'BMP'!$B$4:$B$53,A15,'BMP'!$D$4:$D$53,"Permeable Pavement")) | AI15: =IF(A15="","",SUMIFS('BMP'!$AA$4:$AA$53,'BMP'!$B$4:$B$53,A15,'BMP'!$D$4:$D$53,"Wet Swale")) | AJ15: =IF(A15="","",SUMIFS('BMP'!$AB$4:$AB$53,'BMP'!$B$4:$B$53,A15)) | AK15: =IF(A15="","",SUMIFS('BMP'!$AC$4:$AC$53,'BMP'!$B$4:$B$53,A15)) | AL15: =IF(A15="","",(IF((AE15)<(AG15+AH15+AI15),(AE15),(AG15+AH15+AI15)))+AJ15*5+AK15*10+R15+T15+V15) | AM15: =IF(A15="","",AL15-J15) | AP15: =IF(A15="","",IF(E15=0,"",(B15*0.95+C15*0.25+D15*0)/E15)) | AQ15: =IF(A15="","",IF(I15=0,"",(F15*0.95+G15*0.25+H15*0)/I15))
A16: =IF('SDA'!A62="","",'SDA'!A62) | B16: =IF(A16="","",'SDA'!F62) | C16: =IF(A16="","",'SDA'!G62) | D16: =IF(A16="","",'SDA'!H62) | E16: =IF(A16="","",SUM(B16:D16)) | F16: =IF(A16="","",SUMIFS('SDA'!$H$4:$H$53,'SDA'!$A$4:$A$53,A16,'SDA'!$C$4:$C$53,"Impervious Vehicular")+SUMIFS('SDA'!$H$4:$H$53,'SDA'!$A$4:$A$53,A16,'SDA'!$C$4:$C$53,"Impervious Non-Vehicular")) | G16: =IF(A16="","",SUMIFS('SDA'!$H$4:$H$53,'SDA'!$A$4:$A$53,A16,'SDA'!$C$4:$C$53,"Compacted (Open Space)")) | H16: =IF(A16="","",SUMIFS('SDA'!$H$4:$H$53,'SDA'!$A$4:$A$53,A16,'SDA'!$C$4:$C$53,"Natural (Woods)")) | I16: =IF(A16="","",SUM(F16:H16)) | J16: =IF(A16="","",IF(E16=0,0,AP16*1.2/12*E16)) | K16: =IF(A16="","",IF(I16=0,0,AQ16*1.2/12*I16)) | L16: =IF(A16="","",IF(SUMIFS('SDA'!$G$4:$G$53,'SDA'!$A$4:$A$53,A16,'SDA'!$D$4:$D$53,"D")>0,"D",IF(SUMIFS('SDA'!$G$4:$G$53,'SDA'!$A$4:$A$53,A16,'SDA'!$D$4:$D$53,"C")>0,"C",IF(SUMIFS('SDA'!$G$4:$G$53,'SDA'!$A$4:$A$53,A16,'SDA'!$D$4:$D$53,"B")>0,"B",IF(SUMIFS('SDA'!$G$4:$G$53,'SDA'!$A$4:$A$53,A16,'SDA'!$D$4:$D$53,"A")>0,"A",""))))) | O16: =IF(A16="","",IF(L16="A",2.5,IF(L16="B",0.3,IF(L16="C",0.1,IF(L16="D",0.05,""))))) | Q16: =IF(A16="","",SUMIFS('BMP'!$AD$4:$AD$53,'BMP'!$B$4:$B$53,A16)) | R16: =IF(A16="","",Q16*10) | S16: =IF(A16="","",SUMIFS('BMP'!$AE$4:$AE$53,'BMP'!$B$4:$B$53,A16)) | T16: =IF(A16="","",S16*20) | U16: =IF(A16="","",SUMIFS('BMP'!$AF$4:$AF$53,'BMP'!$B$4:$B$53,A16)+SUMIFS('BMP'!$AG$4:$AG$53,'BMP'!$B$4:$B$53,A16)) | V16: =IF(A16="","",U16*40) | Y16: =IF(A16="","",SUMIFS('BMP'!$N$4:$N$53,'BMP'!$B$4:$B$53,A16,'BMP'!$D$4:$D$53,"Bioretention")+SUMIFS('BMP'!$N$4:$N$53,'BMP'!$B$4:$B$53,A16,'BMP'!$D$4:$D$53,"Dry Swale")) | AA16: =IF(A16="","",SUMIFS('BMP'!$F$4:$F$53,'BMP'!$B$4:$B$53,A16,'BMP'!$D$4:$D$53,"Permeable Pavement")) | AC16: =IF(A16="","",SUMIFS('CDA'!$E$4:$E$53,'CDA'!$B$4:$B$53,A16)) | AD16: =IF(A16="","",SUMIFS('CDA'!$F$4:$F$53,'CDA'!$B$4:$B$53,A16)) | AE16: =IF(A16="","",IF(AC16=0,0,AC16*1.7/12*AP16)) | AF16: =IF(A16="","",IF(AD16=0,0,AD16*1.7/12*AQ16)) | AG16: =IF(A16="","",SUMIFS('BMP'!$W$4:$W$53,'BMP'!$B$4:$B$53,A16,'BMP'!$D$4:$D$53,"Bioretention")+SUMIFS('BMP'!$W$4:$W$53,'BMP'!$B$4:$B$53,A16,'BMP'!$D$4:$D$53,"Dry Swale")) | AH16: =IF(A16="","",SUMIFS('BMP'!$K$4:$K$53,'BMP'!$B$4:$B$53,A16,'BMP'!$D$4:$D$53,"Permeable Pavement")) | AI16: =IF(A16="","",SUMIFS('BMP'!$AA$4:$AA$53,'BMP'!$B$4:$B$53,A16,'BMP'!$D$4:$D$53,"Wet Swale")) | AJ16: =IF(A16="","",SUMIFS('BMP'!$AB$4:$AB$53,'BMP'!$B$4:$B$53,A16)) | AK16: =IF(A16="","",SUMIFS('BMP'!$AC$4:$AC$53,'BMP'!$B$4:$B$53,A16)) | AL16: =IF(A16="","",(IF((AE16)<(AG16+AH16+AI16),(AE16),(AG16+AH16+AI16)))+AJ16*5+AK16*10+R16+T16+V16) | AM16: =IF(A16="","",AL16-J16) | AP16: =IF(A16="","",IF(E16=0,"",(B16*0.95+C16*0.25+D16*0)/E16)) | AQ16: =IF(A16="","",IF(I16=0,"",(F16*0.95+G16*0.25+H16*0)/I16))
A17: =IF('SDA'!A63="","",'SDA'!A63) | B17: =IF(A17="","",'SDA'!F63) | C17: =IF(A17="","",'SDA'!G63) | D17: =IF(A17="","",'SDA'!H63) | E17: =IF(A17="","",SUM(B17:D17)) | F17: =IF(A17="","",SUMIFS('SDA'!$H$4:$H$53,'SDA'!$A$4:$A$53,A17,'SDA'!$C$4:$C$53,"Impervious Vehicular")+SUMIFS('SDA'!$H$4:$H$53,'SDA'!$A$4:$A$53,A17,'SDA'!$C$4:$C$53,"Impervious Non-Vehicular")) | G17: =IF(A17="","",SUMIFS('SDA'!$H$4:$H$53,'SDA'!$A$4:$A$53,A17,'SDA'!$C$4:$C$53,"Compacted (Open Space)")) | H17: =IF(A17="","",SUMIFS('SDA'!$H$4:$H$53,'SDA'!$A$4:$A$53,A17,'SDA'!$C$4:$C$53,"Natural (Woods)")) | I17: =IF(A17="","",SUM(F17:H17)) | J17: =IF(A17="","",IF(E17=0,0,AP17*1.2/12*E17)) | K17: =IF(A17="","",IF(I17=0,0,AQ17*1.2/12*I17)) | L17: =IF(A17="","",IF(SUMIFS('SDA'!$G$4:$G$53,'SDA'!$A$4:$A$53,A17,'SDA'!$D$4:$D$53,"D")>0,"D",IF(SUMIFS('SDA'!$G$4:$G$53,'SDA'!$A$4:$A$53,A17,'SDA'!$D$4:$D$53,"C")>0,"C",IF(SUMIFS('SDA'!$G$4:$G$53,'SDA'!$A$4:$A$53,A17,'SDA'!$D$4:$D$53,"B")>0,"B",IF(SUMIFS('SDA'!$G$4:$G$53,'SDA'!$A$4:$A$53,A17,'SDA'!$D$4:$D$53,"A")>0,"A",""))))) | O17: =IF(A17="","",IF(L17="A",2.5,IF(L17="B",0.3,IF(L17="C",0.1,IF(L17="D",0.05,""))))) | Q17: =IF(A17="","",SUMIFS('BMP'!$AD$4:$AD$53,'BMP'!$B$4:$B$53,A17)) | R17: =IF(A17="","",Q17*10) | S17: =IF(A17="","",SUMIFS('BMP'!$AE$4:$AE$53,'BMP'!$B$4:$B$53,A17)) | T17: =IF(A17="","",S17*20) | U17: =IF(A17="","",SUMIFS('BMP'!$AF$4:$AF$53,'BMP'!$B$4:$B$53,A17)+SUMIFS('BMP'!$AG$4:$AG$53,'BMP'!$B$4:$B$53,A17)) | V17: =IF(A17="","",U17*40) | Y17: =IF(A17="","",SUMIFS('BMP'!$N$4:$N$53,'BMP'!$B$4:$B$53,A17,'BMP'!$D$4:$D$53,"Bioretention")+SUMIFS('BMP'!$N$4:$N$53,'BMP'!$B$4:$B$53,A17,'BMP'!$D$4:$D$53,"Dry Swale")) | AA17: =IF(A17="","",SUMIFS('BMP'!$F$4:$F$53,'BMP'!$B$4:$B$53,A17,'BMP'!$D$4:$D$53,"Permeable Pavement")) | AC17: =IF(A17="","",SUMIFS('CDA'!$E$4:$E$53,'CDA'!$B$4:$B$53,A17)) | AD17: =IF(A17="","",SUMIFS('CDA'!$F$4:$F$53,'CDA'!$B$4:$B$53,A17)) | AE17: =IF(A17="","",IF(AC17=0,0,AC17*1.7/12*AP17)) | AF17: =IF(A17="","",IF(AD17=0,0,AD17*1.7/12*AQ17)) | AG17: =IF(A17="","",SUMIFS('BMP'!$W$4:$W$53,'BMP'!$B$4:$B$53,A17,'BMP'!$D$4:$D$53,"Bioretention")+SUMIFS('BMP'!$W$4:$W$53,'BMP'!$B$4:$B$53,A17,'BMP'!$D$4:$D$53,"Dry Swale")) | AH17: =IF(A17="","",SUMIFS('BMP'!$K$4:$K$53,'BMP'!$B$4:$B$53,A17,'BMP'!$D$4:$D$53,"Permeable Pavement")) | AI17: =IF(A17="","",SUMIFS('BMP'!$AA$4:$AA$53,'BMP'!$B$4:$B$53,A17,'BMP'!$D$4:$D$53,"Wet Swale")) | AJ17: =IF(A17="","",SUMIFS('BMP'!$AB$4:$AB$53,'BMP'!$B$4:$B$53,A17)) | AK17: =IF(A17="","",SUMIFS('BMP'!$AC$4:$AC$53,'BMP'!$B$4:$B$53,A17)) | AL17: =IF(A17="","",(IF((AE17)<(AG17+AH17+AI17),(AE17),(AG17+AH17+AI17)))+AJ17*5+AK17*10+R17+T17+V17) | AM17: =IF(A17="","",AL17-J17) | AP17: =IF(A17="","",IF(E17=0,"",(B17*0.95+C17*0.25+D17*0)/E17)) | AQ17: =IF(A17="","",IF(I17=0,"",(F17*0.95+G17*0.25+H17*0)/I17))
A18: =IF('SDA'!A64="","",'SDA'!A64) | B18: =IF(A18="","",'SDA'!F64) | C18: =IF(A18="","",'SDA'!G64) | D18: =IF(A18="","",'SDA'!H64) | E18: =IF(A18="","",SUM(B18:D18)) | F18: =IF(A18="","",SUMIFS('SDA'!$H$4:$H$53,'SDA'!$A$4:$A$53,A18,'SDA'!$C$4:$C$53,"Impervious Vehicular")+SUMIFS('SDA'!$H$4:$H$53,'SDA'!$A$4:$A$53,A18,'SDA'!$C$4:$C$53,"Impervious Non-Vehicular")) | G18: =IF(A18="","",SUMIFS('SDA'!$H$4:$H$53,'SDA'!$A$4:$A$53,A18,'SDA'!$C$4:$C$53,"Compacted (Open Space)")) | H18: =IF(A18="","",SUMIFS('SDA'!$H$4:$H$53,'SDA'!$A$4:$A$53,A18,'SDA'!$C$4:$C$53,"Natural (Woods)")) | I18: =IF(A18="","",SUM(F18:H18)) | J18: =IF(A18="","",IF(E18=0,0,AP18*1.2/12*E18)) | K18: =IF(A18="","",IF(I18=0,0,AQ18*1.2/12*I18)) | L18: =IF(A18="","",IF(SUMIFS('SDA'!$G$4:$G$53,'SDA'!$A$4:$A$53,A18,'SDA'!$D$4:$D$53,"D")>0,"D",IF(SUMIFS('SDA'!$G$4:$G$53,'SDA'!$A$4:$A$53,A18,'SDA'!$D$4:$D$53,"C")>0,"C",IF(SUMIFS('SDA'!$G$4:$G$53,'SDA'!$A$4:$A$53,A18,'SDA'!$D$4:$D$53,"B")>0,"B",IF(SUMIFS('SDA'!$G$4:$G$53,'SDA'!$A$4:$A$53,A18,'SDA'!$D$4:$D$53,"A")>0,"A",""))))) | O18: =IF(A18="","",IF(L18="A",2.5,IF(L18="B",0.3,IF(L18="C",0.1,IF(L18="D",0.05,""))))) | Q18: =IF(A18="","",SUMIFS('BMP'!$AD$4:$AD$53,'BMP'!$B$4:$B$53,A18)) | R18: =IF(A18="","",Q18*10) | S18: =IF(A18="","",SUMIFS('BMP'!$AE$4:$AE$53,'BMP'!$B$4:$B$53,A18)) | T18: =IF(A18="","",S18*20) | U18: =IF(A18="","",SUMIFS('BMP'!$AF$4:$AF$53,'BMP'!$B$4:$B$53,A18)+SUMIFS('BMP'!$AG$4:$AG$53,'BMP'!$B$4:$B$53,A18)) | V18: =IF(A18="","",U18*40) | Y18: =IF(A18="","",SUMIFS('BMP'!$N$4:$N$53,'BMP'!$B$4:$B$53,A18,'BMP'!$D$4:$D$53,"Bioretention")+SUMIFS('BMP'!$N$4:$N$53,'BMP'!$B$4:$B$53,A18,'BMP'!$D$4:$D$53,"Dry Swale")) | AA18: =IF(A18="","",SUMIFS('BMP'!$F$4:$F$53,'BMP'!$B$4:$B$53,A18,'BMP'!$D$4:$D$53,"Permeable Pavement")) | AC18: =IF(A18="","",SUMIFS('CDA'!$E$4:$E$53,'CDA'!$B$4:$B$53,A18)) | AD18: =IF(A18="","",SUMIFS('CDA'!$F$4:$F$53,'CDA'!$B$4:$B$53,A18)) | AE18: =IF(A18="","",IF(AC18=0,0,AC18*1.7/12*AP18)) | AF18: =IF(A18="","",IF(AD18=0,0,AD18*1.7/12*AQ18)) | AG18: =IF(A18="","",SUMIFS('BMP'!$W$4:$W$53,'BMP'!$B$4:$B$53,A18,'BMP'!$D$4:$D$53,"Bioretention")+SUMIFS('BMP'!$W$4:$W$53,'BMP'!$B$4:$B$53,A18,'BMP'!$D$4:$D$53,"Dry Swale")) | AH18: =IF(A18="","",SUMIFS('BMP'!$K$4:$K$53,'BMP'!$B$4:$B$53,A18,'BMP'!$D$4:$D$53,"Permeable Pavement")) | AI18: =IF(A18="","",SUMIFS('BMP'!$AA$4:$AA$53,'BMP'!$B$4:$B$53,A18,'BMP'!$D$4:$D$53,"Wet Swale")) | AJ18: =IF(A18="","",SUMIFS('BMP'!$AB$4:$AB$53,'BMP'!$B$4:$B$53,A18)) | AK18: =IF(A18="","",SUMIFS('BMP'!$AC$4:$AC$53,'BMP'!$B$4:$B$53,A18)) | AL18: =IF(A18="","",(IF((AE18)<(AG18+AH18+AI18),(AE18),(AG18+AH18+AI18)))+AJ18*5+AK18*10+R18+T18+V18) | AM18: =IF(A18="","",AL18-J18) | AP18: =IF(A18="","",IF(E18=0,"",(B18*0.95+C18*0.25+D18*0)/E18)) | AQ18: =IF(A18="","",IF(I18=0,"",(F18*0.95+G18*0.25+H18*0)/I18))
A19: =IF('SDA'!A65="","",'SDA'!A65) | B19: =IF(A19="","",'SDA'!F65) | C19: =IF(A19="","",'SDA'!G65) | D19: =IF(A19="","",'SDA'!H65) | E19: =IF(A19="","",SUM(B19:D19)) | F19: =IF(A19="","",SUMIFS('SDA'!$H$4:$H$53,'SDA'!$A$4:$A$53,A19,'SDA'!$C$4:$C$53,"Impervious Vehicular")+SUMIFS('SDA'!$H$4:$H$53,'SDA'!$A$4:$A$53,A19,'SDA'!$C$4:$C$53,"Impervious Non-Vehicular")) | G19: =IF(A19="","",SUMIFS('SDA'!$H$4:$H$53,'SDA'!$A$4:$A$53,A19,'SDA'!$C$4:$C$53,"Compacted (Open Space)")) | H19: =IF(A19="","",SUMIFS('SDA'!$H$4:$H$53,'SDA'!$A$4:$A$53,A19,'SDA'!$C$4:$C$53,"Natural (Woods)")) | I19: =IF(A19="","",SUM(F19:H19)) | J19: =IF(A19="","",IF(E19=0,0,AP19*1.2/12*E19)) | K19: =IF(A19="","",IF(I19=0,0,AQ19*1.2/12*I19)) | L19: =IF(A19="","",IF(SUMIFS('SDA'!$G$4:$G$53,'SDA'!$A$4:$A$53,A19,'SDA'!$D$4:$D$53,"D")>0,"D",IF(SUMIFS('SDA'!$G$4:$G$53,'SDA'!$A$4:$A$53,A19,'SDA'!$D$4:$D$53,"C")>0,"C",IF(SUMIFS('SDA'!$G$4:$G$53,'SDA'!$A$4:$A$53,A19,'SDA'!$D$4:$D$53,"B")>0,"B",IF(SUMIFS('SDA'!$G$4:$G$53,'SDA'!$A$4:$A$53,A19,'SDA'!$D$4:$D$53,"A")>0,"A",""))))) | O19: =IF(A19="","",IF(L19="A",2.5,IF(L19="B",0.3,IF(L19="C",0.1,IF(L19="D",0.05,""))))) | Q19: =IF(A19="","",SUMIFS('BMP'!$AD$4:$AD$53,'BMP'!$B$4:$B$53,A19)) | R19: =IF(A19="","",Q19*10) | S19: =IF(A19="","",SUMIFS('BMP'!$AE$4:$AE$53,'BMP'!$B$4:$B$53,A19)) | T19: =IF(A19="","",S19*20) | U19: =IF(A19="","",SUMIFS('BMP'!$AF$4:$AF$53,'BMP'!$B$4:$B$53,A19)+SUMIFS('BMP'!$AG$4:$AG$53,'BMP'!$B$4:$B$53,A19)) | V19: =IF(A19="","",U19*40) | Y19: =IF(A19="","",SUMIFS('BMP'!$N$4:$N$53,'BMP'!$B$4:$B$53,A19,'BMP'!$D$4:$D$53,"Bioretention")+SUMIFS('BMP'!$N$4:$N$53,'BMP'!$B$4:$B$53,A19,'BMP'!$D$4:$D$53,"Dry Swale")) | AA19: =IF(A19="","",SUMIFS('BMP'!$F$4:$F$53,'BMP'!$B$4:$B$53,A19,'BMP'!$D$4:$D$53,"Permeable Pavement")) | AC19: =IF(A19="","",SUMIFS('CDA'!$E$4:$E$53,'CDA'!$B$4:$B$53,A19)) | AD19: =IF(A19="","",SUMIFS('CDA'!$F$4:$F$53,'CDA'!$B$4:$B$53,A19)) | AE19: =IF(A19="","",IF(AC19=0,0,AC19*1.7/12*AP19)) | AF19: =IF(A19="","",IF(AD19=0,0,AD19*1.7/12*AQ19)) | AG19: =IF(A19="","",SUMIFS('BMP'!$W$4:$W$53,'BMP'!$B$4:$B$53,A19,'BMP'!$D$4:$D$53,"Bioretention")+SUMIFS('BMP'!$W$4:$W$53,'BMP'!$B$4:$B$53,A19,'BMP'!$D$4:$D$53,"Dry Swale")) | AH19: =IF(A19="","",SUMIFS('BMP'!$K$4:$K$53,'BMP'!$B$4:$B$53,A19,'BMP'!$D$4:$D$53,"Permeable Pavement")) | AI19: =IF(A19="","",SUMIFS('BMP'!$AA$4:$AA$53,'BMP'!$B$4:$B$53,A19,'BMP'!$D$4:$D$53,"Wet Swale")) | AJ19: =IF(A19="","",SUMIFS('BMP'!$AB$4:$AB$53,'BMP'!$B$4:$B$53,A19)) | AK19: =IF(A19="","",SUMIFS('BMP'!$AC$4:$AC$53,'BMP'!$B$4:$B$53,A19)) | AL19: =IF(A19="","",(IF((AE19)<(AG19+AH19+AI19),(AE19),(AG19+AH19+AI19)))+AJ19*5+AK19*10+R19+T19+V19) | AM19: =IF(A19="","",AL19-J19) | AP19: =IF(A19="","",IF(E19=0,"",(B19*0.95+C19*0.25+D19*0)/E19)) | AQ19: =IF(A19="","",IF(I19=0,"",(F19*0.95+G19*0.25+H19*0)/I19))
A20: =IF('SDA'!A66="","",'SDA'!A66) | B20: =IF(A20="","",'SDA'!F66) | C20: =IF(A20="","",'SDA'!G66) | D20: =IF(A20="","",'SDA'!H66) | E20: =IF(A20="","",SUM(B20:D20)) | F20: =IF(A20="","",SUMIFS('SDA'!$H$4:$H$53,'SDA'!$A$4:$A$53,A20,'SDA'!$C$4:$C$53,"Impervious Vehicular")+SUMIFS('SDA'!$H$4:$H$53,'SDA'!$A$4:$A$53,A20,'SDA'!$C$4:$C$53,"Impervious Non-Vehicular")) | G20: =IF(A20="","",SUMIFS('SDA'!$H$4:$H$53,'SDA'!$A$4:$A$53,A20,'SDA'!$C$4:$C$53,"Compacted (Open Space)")) | H20: =IF(A20="","",SUMIFS('SDA'!$H$4:$H$53,'SDA'!$A$4:$A$53,A20,'SDA'!$C$4:$C$53,"Natural (Woods)")) | I20: =IF(A20="","",SUM(F20:H20)) | J20: =IF(A20="","",IF(E20=0,0,AP20*1.2/12*E20)) | K20: =IF(A20="","",IF(I20=0,0,AQ20*1.2/12*I20)) | L20: =IF(A20="","",IF(SUMIFS('SDA'!$G$4:$G$53,'SDA'!$A$4:$A$53,A20,'SDA'!$D$4:$D$53,"D")>0,"D",IF(SUMIFS('SDA'!$G$4:$G$53,'SDA'!$A$4:$A$53,A20,'SDA'!$D$4:$D$53,"C")>0,"C",IF(SUMIFS('SDA'!$G$4:$G$53,'SDA'!$A$4:$A$53,A20,'SDA'!$D$4:$D$53,"B")>0,"B",IF(SUMIFS('SDA'!$G$4:$G$53,'SDA'!$A$4:$A$53,A20,'SDA'!$D$4:$D$53,"A")>0,"A",""))))) | O20: =IF(A20="","",IF(L20="A",2.5,IF(L20="B",0.3,IF(L20="C",0.1,IF(L20="D",0.05,""))))) | Q20: =IF(A20="","",SUMIFS('BMP'!$AD$4:$AD$53,'BMP'!$B$4:$B$53,A20)) | R20: =IF(A20="","",Q20*10) | S20: =IF(A20="","",SUMIFS('BMP'!$AE$4:$AE$53,'BMP'!$B$4:$B$53,A20)) | T20: =IF(A20="","",S20*20) | U20: =IF(A20="","",SUMIFS('BMP'!$AF$4:$AF$53,'BMP'!$B$4:$B$53,A20)+SUMIFS('BMP'!$AG$4:$AG$53,'BMP'!$B$4:$B$53,A20)) | V20: =IF(A20="","",U20*40) | Y20: =IF(A20="","",SUMIFS('BMP'!$N$4:$N$53,'BMP'!$B$4:$B$53,A20,'BMP'!$D$4:$D$53,"Bioretention")+SUMIFS('BMP'!$N$4:$N$53,'BMP'!$B$4:$B$53,A20,'BMP'!$D$4:$D$53,"Dry Swale")) | AA20: =IF(A20="","",SUMIFS('BMP'!$F$4:$F$53,'BMP'!$B$4:$B$53,A20,'BMP'!$D$4:$D$53,"Permeable Pavement")) | AC20: =IF(A20="","",SUMIFS('CDA'!$E$4:$E$53,'CDA'!$B$4:$B$53,A20)) | AD20: =IF(A20="","",SUMIFS('CDA'!$F$4:$F$53,'CDA'!$B$4:$B$53,A20)) | AE20: =IF(A20="","",IF(AC20=0,0,AC20*1.7/12*AP20)) | AF20: =IF(A20="","",IF(AD20=0,0,AD20*1.7/12*AQ20)) | AG20: =IF(A20="","",SUMIFS('BMP'!$W$4:$W$53,'BMP'!$B$4:$B$53,A20,'BMP'!$D$4:$D$53,"Bioretention")+SUMIFS('BMP'!$W$4:$W$53,'BMP'!$B$4:$B$53,A20,'BMP'!$D$4:$D$53,"Dry Swale")) | AH20: =IF(A20="","",SUMIFS('BMP'!$K$4:$K$53,'BMP'!$B$4:$B$53,A20,'BMP'!$D$4:$D$53,"Permeable Pavement")) | AI20: =IF(A20="","",SUMIFS('BMP'!$AA$4:$AA$53,'BMP'!$B$4:$B$53,A20,'BMP'!$D$4:$D$53,"Wet Swale")) | AJ20: =IF(A20="","",SUMIFS('BMP'!$AB$4:$AB$53,'BMP'!$B$4:$B$53,A20)) | AK20: =IF(A20="","",SUMIFS('BMP'!$AC$4:$AC$53,'BMP'!$B$4:$B$53,A20)) | AL20: =IF(A20="","",(IF((AE20)<(AG20+AH20+AI20),(AE20),(AG20+AH20+AI20)))+AJ20*5+AK20*10+R20+T20+V20) | AM20: =IF(A20="","",AL20-J20) | AP20: =IF(A20="","",IF(E20=0,"",(B20*0.95+C20*0.25+D20*0)/E20)) | AQ20: =IF(A20="","",IF(I20=0,"",(F20*0.95+G20*0.25+H20*0)/I20))
A21: =IF('SDA'!A67="","",'SDA'!A67) | B21: =IF(A21="","",'SDA'!F67) | C21: =IF(A21="","",'SDA'!G67) | D21: =IF(A21="","",'SDA'!H67) | E21: =IF(A21="","",SUM(B21:D21)) | F21: =IF(A21="","",SUMIFS('SDA'!$H$4:$H$53,'SDA'!$A$4:$A$53,A21,'SDA'!$C$4:$C$53,"Impervious Vehicular")+SUMIFS('SDA'!$H$4:$H$53,'SDA'!$A$4:$A$53,A21,'SDA'!$C$4:$C$53,"Impervious Non-Vehicular")) | G21: =IF(A21="","",SUMIFS('SDA'!$H$4:$H$53,'SDA'!$A$4:$A$53,A21,'SDA'!$C$4:$C$53,"Compacted (Open Space)")) | H21: =IF(A21="","",SUMIFS('SDA'!$H$4:$H$53,'SDA'!$A$4:$A$53,A21,'SDA'!$C$4:$C$53,"Natural (Woods)")) | I21: =IF(A21="","",SUM(F21:H21)) | J21: =IF(A21="","",IF(E21=0,0,AP21*1.2/12*E21)) | K21: =IF(A21="","",IF(I21=0,0,AQ21*1.2/12*I21)) | L21: =IF(A21="","",IF(SUMIFS('SDA'!$G$4:$G$53,'SDA'!$A$4:$A$53,A21,'SDA'!$D$4:$D$53,"D")>0,"D",IF(SUMIFS('SDA'!$G$4:$G$53,'SDA'!$A$4:$A$53,A21,'SDA'!$D$4:$D$53,"C")>0,"C",IF(SUMIFS('SDA'!$G$4:$G$53,'SDA'!$A$4:$A$53,A21,'SDA'!$D$4:$D$53,"B")>0,"B",IF(SUMIFS('SDA'!$G$4:$G$53,'SDA'!$A$4:$A$53,A21,'SDA'!$D$4:$D$53,"A")>0,"A",""))))) | O21: =IF(A21="","",IF(L21="A",2.5,IF(L21="B",0.3,IF(L21="C",0.1,IF(L21="D",0.05,""))))) | Q21: =IF(A21="","",SUMIFS('BMP'!$AD$4:$AD$53,'BMP'!$B$4:$B$53,A21)) | R21: =IF(A21="","",Q21*10) | S21: =IF(A21="","",SUMIFS('BMP'!$AE$4:$AE$53,'BMP'!$B$4:$B$53,A21)) | T21: =IF(A21="","",S21*20) | U21: =IF(A21="","",SUMIFS('BMP'!$AF$4:$AF$53,'BMP'!$B$4:$B$53,A21)+SUMIFS('BMP'!$AG$4:$AG$53,'BMP'!$B$4:$B$53,A21)) | V21: =IF(A21="","",U21*40) | Y21: =IF(A21="","",SUMIFS('BMP'!$N$4:$N$53,'BMP'!$B$4:$B$53,A21,'BMP'!$D$4:$D$53,"Bioretention")+SUMIFS('BMP'!$N$4:$N$53,'BMP'!$B$4:$B$53,A21,'BMP'!$D$4:$D$53,"Dry Swale")) | AA21: =IF(A21="","",SUMIFS('BMP'!$F$4:$F$53,'BMP'!$B$4:$B$53,A21,'BMP'!$D$4:$D$53,"Permeable Pavement")) | AC21: =IF(A21="","",SUMIFS('CDA'!$E$4:$E$53,'CDA'!$B$4:$B$53,A21)) | AD21: =IF(A21="","",SUMIFS('CDA'!$F$4:$F$53,'CDA'!$B$4:$B$53,A21)) | AE21: =IF(A21="","",IF(AC21=0,0,AC21*1.7/12*AP21)) | AF21: =IF(A21="","",IF(AD21=0,0,AD21*1.7/12*AQ21)) | AG21: =IF(A21="","",SUMIFS('BMP'!$W$4:$W$53,'BMP'!$B$4:$B$53,A21,'BMP'!$D$4:$D$53,"Bioretention")+SUMIFS('BMP'!$W$4:$W$53,'BMP'!$B$4:$B$53,A21,'BMP'!$D$4:$D$53,"Dry Swale")) | AH21: =IF(A21="","",SUMIFS('BMP'!$K$4:$K$53,'BMP'!$B$4:$B$53,A21,'BMP'!$D$4:$D$53,"Permeable Pavement")) | AI21: =IF(A21="","",SUMIFS('BMP'!$AA$4:$AA$53,'BMP'!$B$4:$B$53,A21,'BMP'!$D$4:$D$53,"Wet Swale")) | AJ21: =IF(A21="","",SUMIFS('BMP'!$AB$4:$AB$53,'BMP'!$B$4:$B$53,A21)) | AK21: =IF(A21="","",SUMIFS('BMP'!$AC$4:$AC$53,'BMP'!$B$4:$B$53,A21)) | AL21: =IF(A21="","",(IF((AE21)<(AG21+AH21+AI21),(AE21),(AG21+AH21+AI21)))+AJ21*5+AK21*10+R21+T21+V21) | AM21: =IF(A21="","",AL21-J21) | AP21: =IF(A21="","",IF(E21=0,"",(B21*0.95+C21*0.25+D21*0)/E21)) | AQ21: =IF(A21="","",IF(I21=0,"",(F21*0.95+G21*0.25+H21*0)/I21))
A22: =IF('SDA'!A68="","",'SDA'!A68) | B22: =IF(A22="","",'SDA'!F68) | C22: =IF(A22="","",'SDA'!G68) | D22: =IF(A22="","",'SDA'!H68) | E22: =IF(A22="","",SUM(B22:D22)) | F22: =IF(A22="","",SUMIFS('SDA'!$H$4:$H$53,'SDA'!$A$4:$A$53,A22,'SDA'!$C$4:$C$53,"Impervious Vehicular")+SUMIFS('SDA'!$H$4:$H$53,'SDA'!$A$4:$A$53,A22,'SDA'!$C$4:$C$53,"Impervious Non-Vehicular")) | G22: =IF(A22="","",SUMIFS('SDA'!$H$4:$H$53,'SDA'!$A$4:$A$53,A22,'SDA'!$C$4:$C$53,"Compacted (Open Space)")) | H22: =IF(A22="","",SUMIFS('SDA'!$H$4:$H$53,'SDA'!$A$4:$A$53,A22,'SDA'!$C$4:$C$53,"Natural (Woods)")) | I22: =IF(A22="","",SUM(F22:H22)) | J22: =IF(A22="","",IF(E22=0,0,AP22*1.2/12*E22)) | K22: =IF(A22="","",IF(I22=0,0,AQ22*1.2/12*I22)) | L22: =IF(A22="","",IF(SUMIFS('SDA'!$G$4:$G$53,'SDA'!$A$4:$A$53,A22,'SDA'!$D$4:$D$53,"D")>0,"D",IF(SUMIFS('SDA'!$G$4:$G$53,'SDA'!$A$4:$A$53,A22,'SDA'!$D$4:$D$53,"C")>0,"C",IF(SUMIFS('SDA'!$G$4:$G$53,'SDA'!$A$4:$A$53,A22,'SDA'!$D$4:$D$53,"B")>0,"B",IF(SUMIFS('SDA'!$G$4:$G$53,'SDA'!$A$4:$A$53,A22,'SDA'!$D$4:$D$53,"A")>0,"A",""))))) | O22: =IF(A22="","",IF(L22="A",2.5,IF(L22="B",0.3,IF(L22="C",0.1,IF(L22="D",0.05,""))))) | Q22: =IF(A22="","",SUMIFS('BMP'!$AD$4:$AD$53,'BMP'!$B$4:$B$53,A22)) | R22: =IF(A22="","",Q22*10) | S22: =IF(A22="","",SUMIFS('BMP'!$AE$4:$AE$53,'BMP'!$B$4:$B$53,A22)) | T22: =IF(A22="","",S22*20) | U22: =IF(A22="","",SUMIFS('BMP'!$AF$4:$AF$53,'BMP'!$B$4:$B$53,A22)+SUMIFS('BMP'!$AG$4:$AG$53,'BMP'!$B$4:$B$53,A22)) | V22: =IF(A22="","",U22*40) | Y22: =IF(A22="","",SUMIFS('BMP'!$N$4:$N$53,'BMP'!$B$4:$B$53,A22,'BMP'!$D$4:$D$53,"Bioretention")+SUMIFS('BMP'!$N$4:$N$53,'BMP'!$B$4:$B$53,A22,'BMP'!$D$4:$D$53,"Dry Swale")) | AA22: =IF(A22="","",SUMIFS('BMP'!$F$4:$F$53,'BMP'!$B$4:$B$53,A22,'BMP'!$D$4:$D$53,"Permeable Pavement")) | AC22: =IF(A22="","",SUMIFS('CDA'!$E$4:$E$53,'CDA'!$B$4:$B$53,A22)) | AD22: =IF(A22="","",SUMIFS('CDA'!$F$4:$F$53,'CDA'!$B$4:$B$53,A22)) | AE22: =IF(A22="","",IF(AC22=0,0,AC22*1.7/12*AP22)) | AF22: =IF(A22="","",IF(AD22=0,0,AD22*1.7/12*AQ22)) | AG22: =IF(A22="","",SUMIFS('BMP'!$W$4:$W$53,'BMP'!$B$4:$B$53,A22,'BMP'!$D$4:$D$53,"Bioretention")+SUMIFS('BMP'!$W$4:$W$53,'BMP'!$B$4:$B$53,A22,'BMP'!$D$4:$D$53,"Dry Swale")) | AH22: =IF(A22="","",SUMIFS('BMP'!$K$4:$K$53,'BMP'!$B$4:$B$53,A22,'BMP'!$D$4:$D$53,"Permeable Pavement")) | AI22: =IF(A22="","",SUMIFS('BMP'!$AA$4:$AA$53,'BMP'!$B$4:$B$53,A22,'BMP'!$D$4:$D$53,"Wet Swale")) | AJ22: =IF(A22="","",SUMIFS('BMP'!$AB$4:$AB$53,'BMP'!$B$4:$B$53,A22)) | AK22: =IF(A22="","",SUMIFS('BMP'!$AC$4:$AC$53,'BMP'!$B$4:$B$53,A22)) | AL22: =IF(A22="","",(IF((AE22)<(AG22+AH22+AI22),(AE22),(AG22+AH22+AI22)))+AJ22*5+AK22*10+R22+T22+V22) | AM22: =IF(A22="","",AL22-J22) | AP22: =IF(A22="","",IF(E22=0,"",(B22*0.95+C22*0.25+D22*0)/E22)) | AQ22: =IF(A22="","",IF(I22=0,"",(F22*0.95+G22*0.25+H22*0)/I22))
A23: =IF('SDA'!A69="","",'SDA'!A69) | B23: =IF(A23="","",'SDA'!F69) | C23: =IF(A23="","",'SDA'!G69) | D23: =IF(A23="","",'SDA'!H69) | E23: =IF(A23="","",SUM(B23:D23)) | F23: =IF(A23="","",SUMIFS('SDA'!$H$4:$H$53,'SDA'!$A$4:$A$53,A23,'SDA'!$C$4:$C$53,"Impervious Vehicular")+SUMIFS('SDA'!$H$4:$H$53,'SDA'!$A$4:$A$53,A23,'SDA'!$C$4:$C$53,"Impervious Non-Vehicular")) | G23: =IF(A23="","",SUMIFS('SDA'!$H$4:$H$53,'SDA'!$A$4:$A$53,A23,'SDA'!$C$4:$C$53,"Compacted (Open Space)")) | H23: =IF(A23="","",SUMIFS('SDA'!$H$4:$H$53,'SDA'!$A$4:$A$53,A23,'SDA'!$C$4:$C$53,"Natural (Woods)")) | I23: =IF(A23="","",SUM(F23:H23)) | J23: =IF(A23="","",IF(E23=0,0,AP23*1.2/12*E23)) | K23: =IF(A23="","",IF(I23=0,0,AQ23*1.2/12*I23)) | L23: =IF(A23="","",IF(SUMIFS('SDA'!$G$4:$G$53,'SDA'!$A$4:$A$53,A23,'SDA'!$D$4:$D$53,"D")>0,"D",IF(SUMIFS('SDA'!$G$4:$G$53,'SDA'!$A$4:$A$53,A23,'SDA'!$D$4:$D$53,"C")>0,"C",IF(SUMIFS('SDA'!$G$4:$G$53,'SDA'!$A$4:$A$53,A23,'SDA'!$D$4:$D$53,"B")>0,"B",IF(SUMIFS('SDA'!$G$4:$G$53,'SDA'!$A$4:$A$53,A23,'SDA'!$D$4:$D$53,"A")>0,"A",""))))) | O23: =IF(A23="","",IF(L23="A",2.5,IF(L23="B",0.3,IF(L23="C",0.1,IF(L23="D",0.05,""))))) | Q23: =IF(A23="","",SUMIFS('BMP'!$AD$4:$AD$53,'BMP'!$B$4:$B$53,A23)) | R23: =IF(A23="","",Q23*10) | S23: =IF(A23="","",SUMIFS('BMP'!$AE$4:$AE$53,'BMP'!$B$4:$B$53,A23)) | T23: =IF(A23="","",S23*20) | U23: =IF(A23="","",SUMIFS('BMP'!$AF$4:$AF$53,'BMP'!$B$4:$B$53,A23)+SUMIFS('BMP'!$AG$4:$AG$53,'BMP'!$B$4:$B$53,A23)) | V23: =IF(A23="","",U23*40) | Y23: =IF(A23="","",SUMIFS('BMP'!$N$4:$N$53,'BMP'!$B$4:$B$53,A23,'BMP'!$D$4:$D$53,"Bioretention")+SUMIFS('BMP'!$N$4:$N$53,'BMP'!$B$4:$B$53,A23,'BMP'!$D$4:$D$53,"Dry Swale")) | AA23: =IF(A23="","",SUMIFS('BMP'!$F$4:$F$53,'BMP'!$B$4:$B$53,A23,'BMP'!$D$4:$D$53,"Permeable Pavement")) | AC23: =IF(A23="","",SUMIFS('CDA'!$E$4:$E$53,'CDA'!$B$4:$B$53,A23)) | AD23: =IF(A23="","",SUMIFS('CDA'!$F$4:$F$53,'CDA'!$B$4:$B$53,A23)) | AE23: =IF(A23="","",IF(AC23=0,0,AC23*1.7/12*AP23)) | AF23: =IF(A23="","",IF(AD23=0,0,AD23*1.7/12*AQ23)) | AG23: =IF(A23="","",SUMIFS('BMP'!$W$4:$W$53,'BMP'!$B$4:$B$53,A23,'BMP'!$D$4:$D$53,"Bioretention")+SUMIFS('BMP'!$W$4:$W$53,'BMP'!$B$4:$B$53,A23,'BMP'!$D$4:$D$53,"Dry Swale")) | AH23: =IF(A23="","",SUMIFS('BMP'!$K$4:$K$53,'BMP'!$B$4:$B$53,A23,'BMP'!$D$4:$D$53,"Permeable Pavement")) | AI23: =IF(A23="","",SUMIFS('BMP'!$AA$4:$AA$53,'BMP'!$B$4:$B$53,A23,'BMP'!$D$4:$D$53,"Wet Swale")) | AJ23: =IF(A23="","",SUMIFS('BMP'!$AB$4:$AB$53,'BMP'!$B$4:$B$53,A23)) | AK23: =IF(A23="","",SUMIFS('BMP'!$AC$4:$AC$53,'BMP'!$B$4:$B$53,A23)) | AL23: =IF(A23="","",(IF((AE23)<(AG23+AH23+AI23),(AE23),(AG23+AH23+AI23)))+AJ23*5+AK23*10+R23+T23+V23) | AM23: =IF(A23="","",AL23-J23) | AP23: =IF(A23="","",IF(E23=0,"",(B23*0.95+C23*0.25+D23*0)/E23)) | AQ23: =IF(A23="","",IF(I23=0,"",(F23*0.95+G23*0.25+H23*0)/I23))
... A44: =IF('SDA'!A90="","",'SDA'!A90) | B44: =IF(A44="","",'SDA'!F90) | C44: =IF(A44="","",'SDA'!G90) | D44: =IF(A44="","",'SDA'!H90) | E44: =IF(A44="","",SUM(B44:D44)) | F44: =IF(A44="","",SUMIFS('SDA'!$H$4:$H$53,'SDA'!$A$4:$A$53,A44,'SDA'!$C$4:$C$53,"Impervious Vehicular")+SUMIFS('SDA'!$H$4:$H$53,'SDA'!$A$4:$A$53,A44,'SDA'!$C$4:$C$53,"Impervious Non-Vehicular")) | G44: =IF(A44="","",SUMIFS('SDA'!$H$4:$H$53,'SDA'!$A$4:$A$53,A44,'SDA'!$C$4:$C$53,"Compacted (Open Space)")) | H44: =IF(A44="","",SUMIFS('SDA'!$H$4:$H$53,'SDA'!$A$4:$A$53,A44,'SDA'!$C$4:$C$53,"Natural (Woods)")) | I44: =IF(A44="","",SUM(F44:H44)) | J44: =IF(A44="","",IF(E44=0,0,AP44*1.2/12*E44)) | K44: =IF(A44="","",IF(I44=0,0,AQ44*1.2/12*I44)) | L44: =IF(A44="","",IF(SUMIFS('SDA'!$G$4:$G$53,'SDA'!$A$4:$A$53,A44,'SDA'!$D$4:$D$53,"D")>0,"D",IF(SUMIFS('SDA'!$G$4:$G$53,'SDA'!$A$4:$A$53,A44,'SDA'!$D$4:$D$53,"C")>0,"C",IF(SUMIFS('SDA'!$G$4:$G$53,'SDA'!$A$4:$A$53,A44,'SDA'!$D$4:$D$53,"B")>0,"B",IF(SUMIFS('SDA'!$G$4:$G$53,'SDA'!$A$4:$A$53,A44,'SDA'!$D$4:$D$53,"A")>0,"A",""))))) | O44: =IF(A44="","",IF(L44="A",2.5,IF(L44="B",0.3,IF(L44="C",0.1,IF(L44="D",0.05,""))))) | Q44: =IF(A44="","",SUMIFS('BMP'!$AD$4:$AD$53,'BMP'!$B$4:$B$53,A44)) | R44: =IF(A44="","",Q44*10) | S44: =IF(A44="","",SUMIFS('BMP'!$AE$4:$AE$53,'BMP'!$B$4:$B$53,A44)) | T44: =IF(A44="","",S44*20) | U44: =IF(A44="","",SUMIFS('BMP'!$AF$4:$AF$53,'BMP'!$B$4:$B$53,A44)+SUMIFS('BMP'!$AG$4:$AG$53,'BMP'!$B$4:$B$53,A44)) | V44: =IF(A44="","",U44*40) | Y44: =IF(A44="","",SUMIFS('BMP'!$N$4:$N$53,'BMP'!$B$4:$B$53,A44,'BMP'!$D$4:$D$53,"Bioretention")+SUMIFS('BMP'!$N$4:$N$53,'BMP'!$B$4:$B$53,A44,'BMP'!$D$4:$D$53,"Dry Swale")) | AA44: =IF(A44="","",SUMIFS('BMP'!$F$4:$F$53,'BMP'!$B$4:$B$53,A44,'BMP'!$D$4:$D$53,"Permeable Pavement")) | AC44: =IF(A44="","",SUMIFS('CDA'!$E$4:$E$53,'CDA'!$B$4:$B$53,A44)) | AD44: =IF(A44="","",SUMIFS('CDA'!$F$4:$F$53,'CDA'!$B$4:$B$53,A44)) | AE44: =IF(A44="","",IF(AC44=0,0,AC44*1.7/12*AP44)) | AF44: =IF(A44="","",IF(AD44=0,0,AD44*1.7/12*AQ44)) | AG44: =IF(A44="","",SUMIFS('BMP'!$W$4:$W$53,'BMP'!$B$4:$B$53,A44,'BMP'!$D$4:$D$53,"Bioretention")+SUMIFS('BMP'!$W$4:$W$53,'BMP'!$B$4:$B$53,A44,'BMP'!$D$4:$D$53,"Dry Swale")) | AH44: =IF(A44="","",SUMIFS('BMP'!$K$4:$K$53,'BMP'!$B$4:$B$53,A44,'BMP'!$D$4:$D$53,"Permeable Pavement")) | AI44: =IF(A44="","",SUMIFS('BMP'!$AA$4:$AA$53,'BMP'!$B$4:$B$53,A44,'BMP'!$D$4:$D$53,"Wet Swale")) | AJ44: =IF(A44="","",SUMIFS('BMP'!$AB$4:$AB$53,'BMP'!$B$4:$B$53,A44)) | AK44: =IF(A44="","",SUMIFS('BMP'!$AC$4:$AC$53,'BMP'!$B$4:$B$53,A44)) | AL44: =IF(A44="","",(IF((AE44)<(AG44+AH44+AI44),(AE44),(AG44+AH44+AI44)))+AJ44*5+AK44*10+R44+T44+V44) | AM44: =IF(A44="","",AL44-J44) | AP44: =IF(A44="","",IF(E44=0,"",(B44*0.95+C44*0.25+D44*0)/E44)) | AQ44: =IF(A44="","",IF(I44=0,"",(F44*0.95+G44*0.25+H44*0)/I44))
D45: DATOTAL | E45: =SUM(E12:E44) | I45: =SUM(I12:I44) | J45: =SUM(J12:J44) | K45: =SUM(K12:K44) | Q45: =SUM(Q12:Q44) | R45: =SUM(R12:R44) | S45: =SUM(S12:S44) | T45: =SUM(T12:T44) | U45: =SUM(U12:U44) | V45: =SUM(V12:V44) | AL45: =SUM(AL12:AL44) | AM45: =SUM(AM12:AM44)

Sheet EISA_DIRECT
A1: EISA Section 438 — Direct Determination (Horton infiltration)
A3: Project References
A4: Project Name | B4: =PROJECT_Name
A5: 95th % Storm (in) | B5: =PROJECT_Rainfall
A6: Total LOD (SF) | B6: =PROJECT_TotalLOD
A8: Horton Parameters (from PARAMS)
A9: f_max (in/hr) | B9: =INDEX(PARAMS_Horton,1,2) | C9: =INDEX(PARAMS_Horton,1,3)
A10: f_min (in/hr) | B10: =INDEX(PARAMS_Horton,2,2) | C10: =INDEX(PARAMS_Horton,2,3)
A11: k (1/hr) | B11: =INDEX(PARAMS_Horton,3,2) | C11: =INDEX(PARAMS_Horton,3,3)
A12: Δt (hr) | B12: =INDEX(PARAMS_Horton,4,2) | C12: =INDEX(PARAMS_Horton,4,3)
A13: Horton Infil Loss 24hr (in) | B13: =PARAMS_HortonLossB | C13: =PARAMS_HortonLossC
A15: Pre-Construction Runoff (from SDA pre totals)
A16: Surface | B16: HSG | C16: Area (SF) | D16: Runoff HSG B (in) | E16: Runoff HSG C (in) | F16: Vol HSG B (CF) | G16: Vol HSG C (CF)
A17: Impervious Vehicular | B17: — | C17: =SUMIFS('SDA'!$E$4:$E$53,'SDA'!$C$4:$C$53,"Impervious Vehicular") | D17: =PROJECT_Rainfall-0.1 | E17: =PROJECT_Rainfall-0.1 | F17: =IFERROR(C17*D17/12,0) | G17: =IFERROR(C17*E17/12,0)
A18: Impervious Non-Vehicular | B18: — | C18: =SUMIFS('SDA'!$E$4:$E$53,'SDA'!$C$4:$C$53,"Impervious Non-Vehicular") | D18: =PROJECT_Rainfall-0.1 | E18: =PROJECT_Rainfall-0.1 | F18: =IFERROR(C18*D18/12,0) | G18: =IFERROR(C18*E18/12,0)
A19: BMP | B19: — | C19: =SUMIFS('SDA'!$E$4:$E$53,'SDA'!$C$4:$C$53,"BMP") | D19: =PROJECT_Rainfall-0.1 | E19: =PROJECT_Rainfall-0.1 | F19: =IFERROR(C19*D19/12,0) | G19: =IFERROR(C19*E19/12,0)
A20: Natural (Woods) | B20: A | C20: =SUMIFS('SDA'!$E$4:$E$53,'SDA'!$C$4:$C$53,"Natural (Woods)",'SDA'!$D$4:$D$53,"A") | D20: =0 | E20: =0 | F20: =IFERROR(C20*D20/12,0) | G20: =IFERROR(C20*E20/12,0)
A21: Natural (Woods) | B21: B | C21: =SUMIFS('SDA'!$E$4:$E$53,'SDA'!$C$4:$C$53,"Natural (Woods)",'SDA'!$D$4:$D$53,"B") | D21: =MAX(0,PROJECT_Rainfall-0.2-PARAMS_HortonLossB) | E21: =MAX(0,PROJECT_Rainfall-0.2-PARAMS_HortonLossC) | F21: =IFERROR(C21*D21/12,0) | G21: =IFERROR(C21*E21/12,0)
A22: Natural (Woods) | B22: C | C22: =SUMIFS('SDA'!$E$4:$E$53,'SDA'!$C$4:$C$53,"Natural (Woods)",'SDA'!$D$4:$D$53,"C") | D22: =MAX(0,PROJECT_Rainfall-0.2-PARAMS_HortonLossB) | E22: =MAX(0,PROJECT_Rainfall-0.2-PARAMS_HortonLossC) | F22: =IFERROR(C22*D22/12,0) | G22: =IFERROR(C22*E22/12,0)
A23: Natural (Woods) | B23: D | C23: =SUMIFS('SDA'!$E$4:$E$53,'SDA'!$C$4:$C$53,"Natural (Woods)",'SDA'!$D$4:$D$53,"D") | D23: =MAX(0,PROJECT_Rainfall-0.2) | E23: =MAX(0,PROJECT_Rainfall-0.2) | F23: =IFERROR(C23*D23/12,0) | G23: =IFERROR(C23*E23/12,0)
A24: Compacted (Open Space) | B24: A | C24: =SUMIFS('SDA'!$E$4:$E$53,'SDA'!$C$4:$C$53,"Compacted (Open Space)",'SDA'!$D$4:$D$53,"A") | D24: =0 | E24: =0 | F24: =IFERROR(C24*D24/12,0) | G24: =IFERROR(C24*E24/12,0)
A25: Compacted (Open Space) | B25: B | C25: =SUMIFS('SDA'!$E$4:$E$53,'SDA'!$C$4:$C$53,"Compacted (Open Space)",'SDA'!$D$4:$D$53,"B") | D25: =MAX(0,PROJECT_Rainfall-0.2-PARAMS_HortonLossB) | E25: =MAX(0,PROJECT_Rainfall-0.2-PARAMS_HortonLossC) | F25: =IFERROR(C25*D25/12,0) | G25: =IFERROR(C25*E25/12,0)
A26: Compacted (Open Space) | B26: C | C26: =SUMIFS('SDA'!$E$4:$E$53,'SDA'!$C$4:$C$53,"Compacted (Open Space)",'SDA'!$D$4:$D$53,"C") | D26: =MAX(0,PROJECT_Rainfall-0.2-PARAMS_HortonLossB) | E26: =MAX(0,PROJECT_Rainfall-0.2-PARAMS_HortonLossC) | F26: =IFERROR(C26*D26/12,0) | G26: =IFERROR(C26*E26/12,0)
A27: Compacted (Open Space) | B27: D | C27: =SUMIFS('SDA'!$E$4:$E$53,'SDA'!$C$4:$C$53,"Compacted (Open Space)",'SDA'!$D$4:$D$53,"D") | D27: =MAX(0,PROJECT_Rainfall-0.2) | E27: =MAX(0,PROJECT_Rainfall-0.2) | F27: =IFERROR(C27*D27/12,0) | G27: =IFERROR(C27*E27/12,0)
A28: TOTAL | F28: =SUM(F17:F27) | G28: =SUM(G17:G27)
A30: Post-Construction Runoff (from SDA post totals)
A31: Surface | B31: HSG | C31: Area (SF) | D31: Runoff HSG B (in) | E31: Runoff HSG C (in) | F31: Vol HSG B (CF) | G31: Vol HSG C (CF)
A32: Impervious Vehicular | B32: — | C32: =SUMIFS('SDA'!$G$4:$G$53,'SDA'!$C$4:$C$53,"Impervious Vehicular") | D32: =PROJECT_Rainfall-0.1 | E32: =PROJECT_Rainfall-0.1 | F32: =IFERROR(C32*D32/12,0) | G32: =IFERROR(C32*E32/12,0)
A33: Impervious Non-Vehicular | B33: — | C33: =SUMIFS('SDA'!$G$4:$G$53,'SDA'!$C$4:$C$53,"Impervious Non-Vehicular") | D33: =PROJECT_Rainfall-0.1 | E33: =PROJECT_Rainfall-0.1 | F33: =IFERROR(C33*D33/12,0) | G33: =IFERROR(C33*E33/12,0)
A34: BMP | B34: — | C34: =SUMIFS('SDA'!$G$4:$G$53,'SDA'!$C$4:$C$53,"BMP") | D34: =PROJECT_Rainfall-0.1 | E34: =PROJECT_Rainfall-0.1 | F34: =IFERROR(C34*D34/12,0) | G34: =IFERROR(C34*E34/12,0)
A35: Natural (Woods) | B35: A | C35: =SUMIFS('SDA'!$G$4:$G$53,'SDA'!$C$4:$C$53,"Natural (Woods)",'SDA'!$D$4:$D$53,"A") | D35: =0 | E35: =0 | F35: =IFERROR(C35*D35/12,0) | G35: =IFERROR(C35*E35/12,0)
A36: Natural (Woods) | B36: B | C36: =SUMIFS('SDA'!$G$4:$G$53,'SDA'!$C$4:$C$53,"Natural (Woods)",'SDA'!$D$4:$D$53,"B") | D36: =MAX(0,PROJECT_Rainfall-0.2-PARAMS_HortonLossB) | E36: =MAX(0,PROJECT_Rainfall-0.2-PARAMS_HortonLossC) | F36: =IFERROR(C36*D36/12,0) | G36: =IFERROR(C36*E36/12,0)
A37: Natural (Woods) | B37: C | C37: =SUMIFS('SDA'!$G$4:$G$53,'SDA'!$C$4:$C$53,"Natural (Woods)",'SDA'!$D$4:$D$53,"C") | D37: =MAX(0,PROJECT_Rainfall-0.2-PARAMS_HortonLossB) | E37: =MAX(0,PROJECT_Rainfall-0.2-PARAMS_HortonLossC) | F37: =IFERROR(C37*D37/12,0) | G37: =IFERROR(C37*E37/12,0)
A38: Natural (Woods) | B38: D | C38: =SUMIFS('SDA'!$G$4:$G$53,'SDA'!$C$4:$C$53,"Natural (Woods)",'SDA'!$D$4:$D$53,"D") | D38: =MAX(0,PROJECT_Rainfall-0.2) | E38: =MAX(0,PROJECT_Rainfall-0.2) | F38: =IFERROR(C38*D38/12,0) | G38: =IFERROR(C38*E38/12,0)
A39: Compacted (Open Space) | B39: A | C39: =SUMIFS('SDA'!$G$4:$G$53,'SDA'!$C$4:$C$53,"Compacted (Open Space)",'SDA'!$D$4:$D$53,"A") | D39: =0 | E39: =0 | F39: =IFERROR(C39*D39/12,0) | G39: =IFERROR(C39*E39/12,0)
A40: Compacted (Open Space) | B40: B | C40: =SUMIFS('SDA'!$G$4:$G$53,'SDA'!$C$4:$C$53,"Compacted (Open Space)",'SDA'!$D$4:$D$53,"B") | D40: =MAX(0,PROJECT_Rainfall-0.2-PARAMS_HortonLossB) | E40: =MAX(0,PROJECT_Rainfall-0.2-PARAMS_HortonLossC) | F40: =IFERROR(C40*D40/12,0) | G40: =IFERROR(C40*E40/12,0)
A41: Compacted (Open Space) | B41: C | C41: =SUMIFS('SDA'!$G$4:$G$53,'SDA'!$C$4:$C$53,"Compacted (Open Space)",'SDA'!$D$4:$D$53,"C") | D41: =MAX(0,PROJECT_Rainfall-0.2-PARAMS_HortonLossB) | E41: =MAX(0,PROJECT_Rainfall-0.2-PARAMS_HortonLossC) | F41: =IFERROR(C41*D41/12,0) | G41: =IFERROR(C41*E41/12,0)
A42: Compacted (Open Space) | B42: D | C42: =SUMIFS('SDA'!$G$4:$G$53,'SDA'!$C$4:$C$53,"Compacted (Open Space)",'SDA'!$D$4:$D$53,"D") | D42: =MAX(0,PROJECT_Rainfall-0.2) | E42: =MAX(0,PROJECT_Rainfall-0.2) | F42: =IFERROR(C42*D42/12,0) | G42: =IFERROR(C42*E42/12,0)
A43: TOTAL | F43: =SUM(F32:F42) | G43: =SUM(G32:G42)
A45: Compliance Check
A46: Metric | B46: HSG B | C46: HSG C
A47: Pre-Dev Runoff Volume (CF) | B47: =F28 | C47: =G28
A48: Proposed Runoff Volume (CF) | B48: =F43 | C48: =G43
A49: Volume Infiltrated in BMPs (CF) | B49: =SUM('BMP'!$AM$4:$AM$53) | C49: =SUM('BMP'!$AM$4:$AM$53)
A50: Net Runoff Volume (CF) | B50: =B48-B49 | C50: =C48-C49
A51: Net ≤ Pre-Dev? (Pass/Fail) | B51: =IF(B50<=B47,"✓ PASS","✗ FAIL") | C51: =IF(C50<=C47,"✓ PASS","✗ FAIL")

Sheet EISA_TR55
A1: EISA Section 438 — TR-55 CN Method (Method A primary)
A3: Project References
A4: Project Name | B4: =PROJECT_Name
A5: 95th % Storm (in) | B5: =PROJECT_Rainfall
A6: Total LOD (SF) | B6: =PROJECT_TotalLOD
A8: Pre-Construction Runoff (Method A)
A9: Surface | B9: HSG | C9: CN | D9: Area (SF) | E9: Q (in) | F9: Vol (CF)
A10: Impervious Vehicular | B10: — | C10: 98 | D10: =SUMIFS('SDA'!$E$4:$E$53,'SDA'!$C$4:$C$53,"Impervious Vehicular") | E10: =IFERROR(IF(PROJECT_Rainfall>0.2*(1000/C10-10),(PROJECT_Rainfall-0.2*(1000/C10-10))^2/(PROJECT_Rainfall-0.2*(1000/C10-10)+(1000/C10-10)),0),0) | F10: =IFERROR(D10*E10/12,0)
A11: Impervious Non-Vehicular | B11: — | C11: 98 | D11: =SUMIFS('SDA'!$E$4:$E$53,'SDA'!$C$4:$C$53,"Impervious Non-Vehicular") | E11: =IFERROR(IF(PROJECT_Rainfall>0.2*(1000/C11-10),(PROJECT_Rainfall-0.2*(1000/C11-10))^2/(PROJECT_Rainfall-0.2*(1000/C11-10)+(1000/C11-10)),0),0) | F11: =IFERROR(D11*E11/12,0)
A12: BMP | B12: — | C12: =INDEX(PARAMS_CN,2,2) | D12: =SUMIFS('SDA'!$E$4:$E$53,'SDA'!$C$4:$C$53,"BMP") | E12: =IFERROR(IF(PROJECT_Rainfall>0.2*(1000/C12-10),(PROJECT_Rainfall-0.2*(1000/C12-10))^2/(PROJECT_Rainfall-0.2*(1000/C12-10)+(1000/C12-10)),0),0) | F12: =IFERROR(D12*E12/12,0)
A13: Natural (Woods) | B13: A | C13: =INDEX(PARAMS_CN,3,2) | D13: =SUMIFS('SDA'!$E$4:$E$53,'SDA'!$C$4:$C$53,"Natural (Woods)",'SDA'!$D$4:$D$53,"A") | E13: =IFERROR(IF(PROJECT_Rainfall>0.2*(1000/C13-10),(PROJECT_Rainfall-0.2*(1000/C13-10))^2/(PROJECT_Rainfall-0.2*(1000/C13-10)+(1000/C13-10)),0),0) | F13: =IFERROR(D13*E13/12,0)
A14: Natural (Woods) | B14: B | C14: =INDEX(PARAMS_CN,3,3) | D14: =SUMIFS('SDA'!$E$4:$E$53,'SDA'!$C$4:$C$53,"Natural (Woods)",'SDA'!$D$4:$D$53,"B") | E14: =IFERROR(IF(PROJECT_Rainfall>0.2*(1000/C14-10),(PROJECT_Rainfall-0.2*(1000/C14-10))^2/(PROJECT_Rainfall-0.2*(1000/C14-10)+(1000/C14-10)),0),0) | F14: =IFERROR(D14*E14/12,0)
A15: Natural (Woods) | B15: C | C15: =INDEX(PARAMS_CN,3,4) | D15: =SUMIFS('SDA'!$E$4:$E$53,'SDA'!$C$4:$C$53,"Natural (Woods)",'SDA'!$D$4:$D$53,"C") | E15: =IFERROR(IF(PROJECT_Rainfall>0.2*(1000/C15-10),(PROJECT_Rainfall-0.2*(1000/C15-10))^2/(PROJECT_Rainfall-0.2*(1000/C15-10)+(1000/C15-10)),0),0) | F15: =IFERROR(D15*E15/12,0)
A16: Natural (Woods) | B16: D | C16: =INDEX(PARAMS_CN,3,5) | D16: =SUMIFS('SDA'!$E$4:$E$53,'SDA'!$C$4:$C$53,"Natural (Woods)",'SDA'!$D$4:$D$53,"D") | E16: =IFERROR(IF(PROJECT_Rainfall>0.2*(1000/C16-10),(PROJECT_Rainfall-0.2*(1000/C16-10))^2/(PROJECT_Rainfall-0.2*(1000/C16-10)+(1000/C16-10)),0),0) | F16: =IFERROR(D16*E16/12,0)
A17: Compacted (Open Space) | B17: A | C17: =INDEX(PARAMS_CN,4,2) | D17: =SUMIFS('SDA'!$E$4:$E$53,'SDA'!$C$4:$C$53,"Compacted (Open Space)",'SDA'!$D$4:$D$53,"A") | E17: =IFERROR(IF(PROJECT_Rainfall>0.2*(1000/C17-10),(PROJECT_Rainfall-0.2*(1000/C17-10))^2/(PROJECT_Rainfall-0.2*(1000/C17-10)+(1000/C17-10)),0),0) | F17: =IFERROR(D17*E17/12,0)
A18: Compacted (Open Space) | B18: B | C18: =INDEX(PARAMS_CN,4,3) | D18: =SUMIFS('SDA'!$E$4:$E$53,'SDA'!$C$4:$C$53,"Compacted (Open Space)",'SDA'!$D$4:$D$53,"B") | E18: =IFERROR(IF(PROJECT_Rainfall>0.2*(1000/C18-10),(PROJECT_Rainfall-0.2*(1000/C18-10))^2/(PROJECT_Rainfall-0.2*(1000/C18-10)+(1000/C18-10)),0),0) | F18: =IFERROR(D18*E18/12,0)
A19: Compacted (Open Space) | B19: C | C19: =INDEX(PARAMS_CN,4,4) | D19: =SUMIFS('SDA'!$E$4:$E$53,'SDA'!$C$4:$C$53,"Compacted (Open Space)",'SDA'!$D$4:$D$53,"C") | E19: =IFERROR(IF(PROJECT_Rainfall>0.2*(1000/C19-10),(PROJECT_Rainfall-0.2*(1000/C19-10))^2/(PROJECT_Rainfall-0.2*(1000/C19-10)+(1000/C19-10)),0),0) | F19: =IFERROR(D19*E19/12,0)
A20: Compacted (Open Space) | B20: D | C20: =INDEX(PARAMS_CN,4,5) | D20: =SUMIFS('SDA'!$E$4:$E$53,'SDA'!$C$4:$C$53,"Compacted (Open Space)",'SDA'!$D$4:$D$53,"D") | E20: =IFERROR(IF(PROJECT_Rainfall>0.2*(1000/C20-10),(PROJECT_Rainfall-0.2*(1000/C20-10))^2/(PROJECT_Rainfall-0.2*(1000/C20-10)+(1000/C20-10)),0),0) | F20: =IFERROR(D20*E20/12,0)
A21: TOTAL | F21: =SUM(F10:F20)
A23: Post-Construction Runoff (Method A)
A24: Surface | B24: HSG | C24: CN | D24: Area (SF) | E24: Q (in) | F24: Vol (CF)
A25: Impervious Vehicular | B25: — | C25: 98 | D25: =SUMIFS('SDA'!$G$4:$G$53,'SDA'!$C$4:$C$53,"Impervious Vehicular") | E25: =IFERROR(IF(PROJECT_Rainfall>0.2*(1000/C25-10),(PROJECT_Rainfall-0.2*(1000/C25-10))^2/(PROJECT_Rainfall-0.2*(1000/C25-10)+(1000/C25-10)),0),0) | F25: =IFERROR(D25*E25/12,0)
A26: Impervious Non-Vehicular | B26: — | C26: 98 | D26: =SUMIFS('SDA'!$G$4:$G$53,'SDA'!$C$4:$C$53,"Impervious Non-Vehicular") | E26: =IFERROR(IF(PROJECT_Rainfall>0.2*(1000/C26-10),(PROJECT_Rainfall-0.2*(1000/C26-10))^2/(PROJECT_Rainfall-0.2*(1000/C26-10)+(1000/C26-10)),0),0) | F26: =IFERROR(D26*E26/12,0)
A27: BMP | B27: — | C27: =INDEX(PARAMS_CN,2,2) | D27: =SUMIFS('SDA'!$G$4:$G$53,'SDA'!$C$4:$C$53,"BMP") | E27: =IFERROR(IF(PROJECT_Rainfall>0.2*(1000/C27-10),(PROJECT_Rainfall-0.2*(1000/C27-10))^2/(PROJECT_Rainfall-0.2*(1000/C27-10)+(1000/C27-10)),0),0) | F27: =IFERROR(D27*E27/12,0)
A28: Natural (Woods) | B28: A | C28: =INDEX(PARAMS_CN,3,2) | D28: =SUMIFS('SDA'!$G$4:$G$53,'SDA'!$C$4:$C$53,"Natural (Woods)",'SDA'!$D$4:$D$53,"A") | E28: =IFERROR(IF(PROJECT_Rainfall>0.2*(1000/C28-10),(PROJECT_Rainfall-0.2*(1000/C28-10))^2/(PROJECT_Rainfall-0.2*(1000/C28-10)+(1000/C28-10)),0),0) | F28: =IFERROR(D28*E28/12,0)
A29: Natural (Woods) | B29: B | C29: =INDEX(PARAMS_CN,3,3) | D29: =SUMIFS('SDA'!$G$4:$G$53,'SDA'!$C$4:$C$53,"Natural (Woods)",'SDA'!$D$4:$D$53,"B") | E29: =IFERROR(IF(PROJECT_Rainfall>0.2*(1000/C29-10),(PROJECT_Rainfall-0.2*(1000/C29-10))^2/(PROJECT_Rainfall-0.2*(1000/C29-10)+(1000/C29-10)),0),0) | F29: =IFERROR(D29*E29/12,0)
A30: Natural (Woods) | B30: C | C30: =INDEX(PARAMS_CN,3,4) | D30: =SUMIFS('SDA'!$G$4:$G$53,'SDA'!$C$4:$C$53,"Natural (Woods)",'SDA'!$D$4:$D$53,"C") | E30: =IFERROR(IF(PROJECT_Rainfall>0.2*(1000/C30-10),(PROJECT_Rainfall-0.2*(1000/C30-10))^2/(PROJECT_Rainfall-0.2*(1000/C30-10)+(1000/C30-10)),0),0) | F30: =IFERROR(D30*E30/12,0)
A31: Natural (Woods) | B31: D | C31: =INDEX(PARAMS_CN,3,5) | D31: =SUMIFS('SDA'!$G$4:$G$53,'SDA'!$C$4:$C$53,"Natural (Woods)",'SDA'!$D$4:$D$53,"D") | E31: =IFERROR(IF(PROJECT_Rainfall>0.2*(1000/C31-10),(PROJECT_Rainfall-0.2*(1000/C31-10))^2/(PROJECT_Rainfall-0.2*(1000/C31-10)+(1000/C31-10)),0),0) | F31: =IFERROR(D31*E31/12,0)
A32: Compacted (Open Space) | B32: A | C32: =INDEX(PARAMS_CN,4,2) | D32: =SUMIFS('SDA'!$G$4:$G$53,'SDA'!$C$4:$C$53,"Compacted (Open Space)",'SDA'!$D$4:$D$53,"A") | E32: =IFERROR(IF(PROJECT_Rainfall>0.2*(1000/C32-10),(PROJECT_Rainfall-0.2*(1000/C32-10))^2/(PROJECT_Rainfall-0.2*(1000/C32-10)+(1000/C32-10)),0),0) | F32: =IFERROR(D32*E32/12,0)
A33: Compacted (Open Space) | B33: B | C33: =INDEX(PARAMS_CN,4,3) | D33: =SUMIFS('SDA'!$G$4:$G$53,'SDA'!$C$4:$C$53,"Compacted (Open Space)",'SDA'!$D$4:$D$53,"B") | E33: =IFERROR(IF(PROJECT_Rainfall>0.2*(1000/C33-10),(PROJECT_Rainfall-0.2*(1000/C33-10))^2/(PROJECT_Rainfall-0.2*(1000/C33-10)+(1000/C33-10)),0),0) | F33: =IFERROR(D33*E33/12,0)
A34: Compacted (Open Space) | B34: C | C34: =INDEX(PARAMS_CN,4,4) | D34: =SUMIFS('SDA'!$G$4:$G$53,'SDA'!$C$4:$C$53,"Compacted (Open Space)",'SDA'!$D$4:$D$53,"C") | E34: =IFERROR(IF(PROJECT_Rainfall>0.2*(1000/C34-10),(PROJECT_Rainfall-0.2*(1000/C34-10))^2/(PROJECT_Rainfall-0.2*(1000/C34-10)+(1000/C34-10)),0),0) | F34: =IFERROR(D34*E34/12,0)
A35: Compacted (Open Space) | B35: D | C35: =INDEX(PARAMS_CN,4,5) | D35: =SUMIFS('SDA'!$G$4:$G$53,'SDA'!$C$4:$C$53,"Compacted (Open Space)",'SDA'!$D$4:$D$53,"D") | E35: =IFERROR(IF(PROJECT_Rainfall>0.2*(1000/C35-10),(PROJECT_Rainfall-0.2*(1000/C35-10))^2/(PROJECT_Rainfall-0.2*(1000/C35-10)+(1000/C35-10)),0),0) | F35: =IFERROR(D35*E35/12,0)
A36: TOTAL | F36: =SUM(F25:F35)
A38: Compliance Check (Method A)
A39: Pre-Dev Runoff Volume (CF) | B39: =F21
A40: Proposed Runoff Volume (CF) | B40: =F36
A41: Volume Infiltrated in BMPs (CF) | B41: =SUM('BMP'!$AM$4:$AM$53)
A42: Net Runoff Volume (CF) | B42: =B40-B41
A43: Net ≤ Pre-Dev? (Pass/Fail) | B43: =IF(B42<=B39,"✓ PASS","✗ FAIL")

Sheet DOEE_SDA
A1: DOEE_SDA — Compliance Calc Sheet 1 mirror
A3: SDA Number | B3: In PROW? | C3: Pre Nat (SF) | D3: Pre Comp (SF) | E3: Pre Imp (SF) | F3: Pre BMP (SF) | G3: Post Nat (SF) | H3: Post Comp (SF) | I3: Post Imp (SF) | J3: Post BMP (SF) | K3: Post Veh (SF) | L3: SWRv Required (CF) | M3: WQTv Req'd?
A4: ='SDA'!A58 | B4: =IFERROR(INDEX('SDA'!$B$4:$B$53,MATCH(A4,'SDA'!$A$4:$A$53,0)),"") | C4: =SUMIFS('SDA'!$E$4:$E$53,'SDA'!$A$4:$A$53,A4,'SDA'!$C$4:$C$53,"Natural (Woods)") | D4: =SUMIFS('SDA'!$E$4:$E$53,'SDA'!$A$4:$A$53,A4,'SDA'!$C$4:$C$53,"Compacted (Open Space)") | E4: =SUMIFS('SDA'!$E$4:$E$53,'SDA'!$A$4:$A$53,A4,'SDA'!$C$4:$C$53,"Impervious Vehicular")+SUMIFS('SDA'!$E$4:$E$53,'SDA'!$A$4:$A$53,A4,'SDA'!$C$4:$C$53,"Impervious Non-Vehicular") | F4: =SUMIFS('SDA'!$E$4:$E$53,'SDA'!$A$4:$A$53,A4,'SDA'!$C$4:$C$53,"BMP") | G4: =SUMIFS('SDA'!$G$4:$G$53,'SDA'!$A$4:$A$53,A4,'SDA'!$C$4:$C$53,"Natural (Woods)") | H4: =SUMIFS('SDA'!$G$4:$G$53,'SDA'!$A$4:$A$53,A4,'SDA'!$C$4:$C$53,"Compacted (Open Space)") | I4: =SUMIFS('SDA'!$G$4:$G$53,'SDA'!$A$4:$A$53,A4,'SDA'!$C$4:$C$53,"Impervious Vehicular")+SUMIFS('SDA'!$G$4:$G$53,'SDA'!$A$4:$A$53,A4,'SDA'!$C$4:$C$53,"Impervious Non-Vehicular") | J4: =SUMIFS('SDA'!$G$4:$G$53,'SDA'!$A$4:$A$53,A4,'SDA'!$C$4:$C$53,"BMP") | K4: =SUMIFS('SDA'!$G$4:$G$53,'SDA'!$A$4:$A$53,A4,'SDA'!$C$4:$C$53,"Impervious Vehicular") | L4: ='SDA'!J58 | M4: =IF(K4>0,"Yes","No")
A5: ='SDA'!A59 | B5: =IFERROR(INDEX('SDA'!$B$4:$B$53,MATCH(A5,'SDA'!$A$4:$A$53,0)),"") | C5: =SUMIFS('SDA'!$E$4:$E$53,'SDA'!$A$4:$A$53,A5,'SDA'!$C$4:$C$53,"Natural (Woods)") | D5: =SUMIFS('SDA'!$E$4:$E$53,'SDA'!$A$4:$A$53,A5,'SDA'!$C$4:$C$53,"Compacted (Open Space)") | E5: =SUMIFS('SDA'!$E$4:$E$53,'SDA'!$A$4:$A$53,A5,'SDA'!$C$4:$C$53,"Impervious Vehicular")+SUMIFS('SDA'!$E$4:$E$53,'SDA'!$A$4:$A$53,A5,'SDA'!$C$4:$C$53,"Impervious Non-Vehicular") | F5: =SUMIFS('SDA'!$E$4:$E$53,'SDA'!$A$4:$A$53,A5,'SDA'!$C$4:$C$53,"BMP") | G5: =SUMIFS('SDA'!$G$4:$G$53,'SDA'!$A$4:$A$53,A5,'SDA'!$C$4:$C$53,"Natural (Woods)") | H5: =SUMIFS('SDA'!$G$4:$G$53,'SDA'!$A$4:$A$53,A5,'SDA'!$C$4:$C$53,"Compacted (Open Space)") | I5: =SUMIFS('SDA'!$G$4:$G$53,'SDA'!$A$4:$A$53,A5,'SDA'!$C$4:$C$53,"Impervious Vehicular")+SUMIFS('SDA'!$G$4:$G$53,'SDA'!$A$4:$A$53,A5,'SDA'!$C$4:$C$53,"Impervious Non-Vehicular") | J5: =SUMIFS('SDA'!$G$4:$G$53,'SDA'!$A$4:$A$53,A5,'SDA'!$C$4:$C$53,"BMP") | K5: =SUMIFS('SDA'!$G$4:$G$53,'SDA'!$A$4:$A$53,A5,'SDA'!$C$4:$C$53,"Impervious Vehicular") | L5: ='SDA'!J59 | M5: =IF(K5>0,"Yes","No")
A6: ='SDA'!A60 | B6: =IFERROR(INDEX('SDA'!$B$4:$B$53,MATCH(A6,'SDA'!$A$4:$A$53,0)),"") | C6: =SUMIFS('SDA'!$E$4:$E$53,'SDA'!$A$4:$A$53,A6,'SDA'!$C$4:$C$53,"Natural (Woods)") | D6: =SUMIFS('SDA'!$E$4:$E$53,'SDA'!$A$4:$A$53,A6,'SDA'!$C$4:$C$53,"Compacted (Open Space)") | E6: =SUMIFS('SDA'!$E$4:$E$53,'SDA'!$A$4:$A$53,A6,'SDA'!$C$4:$C$53,"Impervious Vehicular")+SUMIFS('SDA'!$E$4:$E$53,'SDA'!$A$4:$A$53,A6,'SDA'!$C$4:$C$53,"Impervious Non-Vehicular") | F6: =SUMIFS('SDA'!$E$4:$E$53,'SDA'!$A$4:$A$53,A6,'SDA'!$C$4:$C$53,"BMP") | G6: =SUMIFS('SDA'!$G$4:$G$53,'SDA'!$A$4:$A$53,A6,'SDA'!$C$4:$C$53,"Natural (Woods)") | H6: =SUMIFS('SDA'!$G$4:$G$53,'SDA'!$A$4:$A$53,A6,'SDA'!$C$4:$C$53,"Compacted (Open Space)") | I6: =SUMIFS('SDA'!$G$4:$G$53,'SDA'!$A$4:$A$53,A6,'SDA'!$C$4:$C$53,"Impervious Vehicular")+SUMIFS('SDA'!$G$4:$G$53,'SDA'!$A$4:$A$53,A6,'SDA'!$C$4:$C$53,"Impervious Non-Vehicular") | J6: =SUMIFS('SDA'!$G$4:$G$53,'SDA'!$A$4:$A$53,A6,'SDA'!$C$4:$C$53,"BMP") | K6: =SUMIFS('SDA'!$G$4:$G$53,'SDA'!$A$4:$A$53,A6,'SDA'!$C$4:$C$53,"Impervious Vehicular") | L6: ='SDA'!J60 | M6: =IF(K6>0,"Yes","No")
A7: ='SDA'!A61 | B7: =IFERROR(INDEX('SDA'!$B$4:$B$53,MATCH(A7,'SDA'!$A$4:$A$53,0)),"") | C7: =SUMIFS('SDA'!$E$4:$E$53,'SDA'!$A$4:$A$53,A7,'SDA'!$C$4:$C$53,"Natural (Woods)") | D7: =SUMIFS('SDA'!$E$4:$E$53,'SDA'!$A$4:$A$53,A7,'SDA'!$C$4:$C$53,"Compacted (Open Space)") | E7: =SUMIFS('SDA'!$E$4:$E$53,'SDA'!$A$4:$A$53,A7,'SDA'!$C$4:$C$53,"Impervious Vehicular")+SUMIFS('SDA'!$E$4:$E$53,'SDA'!$A$4:$A$53,A7,'SDA'!$C$4:$C$53,"Impervious Non-Vehicular") | F7: =SUMIFS('SDA'!$E$4:$E$53,'SDA'!$A$4:$A$53,A7,'SDA'!$C$4:$C$53,"BMP") | G7: =SUMIFS('SDA'!$G$4:$G$53,'SDA'!$A$4:$A$53,A7,'SDA'!$C$4:$C$53,"Natural (Woods)") | H7: =SUMIFS('SDA'!$G$4:$G$53,'SDA'!$A$4:$A$53,A7,'SDA'!$C$4:$C$53,"Compacted (Open Space)") | I7: =SUMIFS('SDA'!$G$4:$G$53,'SDA'!$A$4:$A$53,A7,'SDA'!$C$4:$C$53,"Impervious Vehicular")+SUMIFS('SDA'!$G$4:$G$53,'SDA'!$A$4:$A$53,A7,'SDA'!$C$4:$C$53,"Impervious Non-Vehicular") | J7: =SUMIFS('SDA'!$G$4:$G$53,'SDA'!$A$4:$A$53,A7,'SDA'!$C$4:$C$53,"BMP") | K7: =SUMIFS('SDA'!$G$4:$G$53,'SDA'!$A$4:$A$53,A7,'SDA'!$C$4:$C$53,"Impervious Vehicular") | L7: ='SDA'!J61 | M7: =IF(K7>0,"Yes","No")
A8: ='SDA'!A62 | B8: =IFERROR(INDEX('SDA'!$B$4:$B$53,MATCH(A8,'SDA'!$A$4:$A$53,0)),"") | C8: =SUMIFS('SDA'!$E$4:$E$53,'SDA'!$A$4:$A$53,A8,'SDA'!$C$4:$C$53,"Natural (Woods)") | D8: =SUMIFS('SDA'!$E$4:$E$53,'SDA'!$A$4:$A$53,A8,'SDA'!$C$4:$C$53,"Compacted (Open Space)") | E8: =SUMIFS('SDA'!$E$4:$E$53,'SDA'!$A$4:$A$53,A8,'SDA'!$C$4:$C$53,"Impervious Vehicular")+SUMIFS('SDA'!$E$4:$E$53,'SDA'!$A$4:$A$53,A8,'SDA'!$C$4:$C$53,"Impervious Non-Vehicular") | F8: =SUMIFS('SDA'!$E$4:$E$53,'SDA'!$A$4:$A$53,A8,'SDA'!$C$4:$C$53,"BMP") | G8: =SUMIFS('SDA'!$G$4:$G$53,'SDA'!$A$4:$A$53,A8,'SDA'!$C$4:$C$53,"Natural (Woods)") | H8: =SUMIFS('SDA'!$G$4:$G$53,'SDA'!$A$4:$A$53,A8,'SDA'!$C$4:$C$53,"Compacted (Open Space)") | I8: =SUMIFS('SDA'!$G$4:$G$53,'SDA'!$A$4:$A$53,A8,'SDA'!$C$4:$C$53,"Impervious Vehicular")+SUMIFS('SDA'!$G$4:$G$53,'SDA'!$A$4:$A$53,A8,'SDA'!$C$4:$C$53,"Impervious Non-Vehicular") | J8: =SUMIFS('SDA'!$G$4:$G$53,'SDA'!$A$4:$A$53,A8,'SDA'!$C$4:$C$53,"BMP") | K8: =SUMIFS('SDA'!$G$4:$G$53,'SDA'!$A$4:$A$53,A8,'SDA'!$C$4:$C$53,"Impervious Vehicular") | L8: ='SDA'!J62 | M8: =IF(K8>0,"Yes","No")
A9: ='SDA'!A63 | B9: =IFERROR(INDEX('SDA'!$B$4:$B$53,MATCH(A9,'SDA'!$A$4:$A$53,0)),"") | C9: =SUMIFS('SDA'!$E$4:$E$53,'SDA'!$A$4:$A$53,A9,'SDA'!$C$4:$C$53,"Natural (Woods)") | D9: =SUMIFS('SDA'!$E$4:$E$53,'SDA'!$A$4:$A$53,A9,'SDA'!$C$4:$C$53,"Compacted (Open Space)") | E9: =SUMIFS('SDA'!$E$4:$E$53,'SDA'!$A$4:$A$53,A9,'SDA'!$C$4:$C$53,"Impervious Vehicular")+SUMIFS('SDA'!$E$4:$E$53,'SDA'!$A$4:$A$53,A9,'SDA'!$C$4:$C$53,"Impervious Non-Vehicular") | F9: =SUMIFS('SDA'!$E$4:$E$53,'SDA'!$A$4:$A$53,A9,'SDA'!$C$4:$C$53,"BMP") | G9: =SUMIFS('SDA'!$G$4:$G$53,'SDA'!$A$4:$A$53,A9,'SDA'!$C$4:$C$53,"Natural (Woods)") | H9: =SUMIFS('SDA'!$G$4:$G$53,'SDA'!$A$4:$A$53,A9,'SDA'!$C$4:$C$53,"Compacted (Open Space)") | I9: =SUMIFS('SDA'!$G$4:$G$53,'SDA'!$A$4:$A$53,A9,'SDA'!$C$4:$C$53,"Impervious Vehicular")+SUMIFS('SDA'!$G$4:$G$53,'SDA'!$A$4:$A$53,A9,'SDA'!$C$4:$C$53,"Impervious Non-Vehicular") | J9: =SUMIFS('SDA'!$G$4:$G$53,'SDA'!$A$4:$A$53,A9,'SDA'!$C$4:$C$53,"BMP") | K9: =SUMIFS('SDA'!$G$4:$G$53,'SDA'!$A$4:$A$53,A9,'SDA'!$C$4:$C$53,"Impervious Vehicular") | L9: ='SDA'!J63 | M9: =IF(K9>0,"Yes","No")
A10: ='SDA'!A64 | B10: =IFERROR(INDEX('SDA'!$B$4:$B$53,MATCH(A10,'SDA'!$A$4:$A$53,0)),"") | C10: =SUMIFS('SDA'!$E$4:$E$53,'SDA'!$A$4:$A$53,A10,'SDA'!$C$4:$C$53,"Natural (Woods)") | D10: =SUMIFS('SDA'!$E$4:$E$53,'SDA'!$A$4:$A$53,A10,'SDA'!$C$4:$C$53,"Compacted (Open Space)") | E10: =SUMIFS('SDA'!$E$4:$E$53,'SDA'!$A$4:$A$53,A10,'SDA'!$C$4:$C$53,"Impervious Vehicular")+SUMIFS('SDA'!$E$4:$E$53,'SDA'!$A$4:$A$53,A10,'SDA'!$C$4:$C$53,"Impervious Non-Vehicular") | F10: =SUMIFS('SDA'!$E$4:$E$53,'SDA'!$A$4:$A$53,A10,'SDA'!$C$4:$C$53,"BMP") | G10: =SUMIFS('SDA'!$G$4:$G$53,'SDA'!$A$4:$A$53,A10,'SDA'!$C$4:$C$53,"Natural (Woods)") | H10: =SUMIFS('SDA'!$G$4:$G$53,'SDA'!$A$4:$A$53,A10,'SDA'!$C$4:$C$53,"Compacted (Open Space)") | I10: =SUMIFS('SDA'!$G$4:$G$53,'SDA'!$A$4:$A$53,A10,'SDA'!$C$4:$C$53,"Impervious Vehicular")+SUMIFS('SDA'!$G$4:$G$53,'SDA'!$A$4:$A$53,A10,'SDA'!$C$4:$C$53,"Impervious Non-Vehicular") | J10: =SUMIFS('SDA'!$G$4:$G$53,'SDA'!$A$4:$A$53,A10,'SDA'!$C$4:$C$53,"BMP") | K10: =SUMIFS('SDA'!$G$4:$G$53,'SDA'!$A$4:$A$53,A10,'SDA'!$C$4:$C$53,"Impervious Vehicular") | L10: ='SDA'!J64 | M10: =IF(K10>0,"Yes","No")
A11: ='SDA'!A65 | B11: =IFERROR(INDEX('SDA'!$B$4:$B$53,MATCH(A11,'SDA'!$A$4:$A$53,0)),"") | C11: =SUMIFS('SDA'!$E$4:$E$53,'SDA'!$A$4:$A$53,A11,'SDA'!$C$4:$C$53,"Natural (Woods)") | D11: =SUMIFS('SDA'!$E$4:$E$53,'SDA'!$A$4:$A$53,A11,'SDA'!$C$4:$C$53,"Compacted (Open Space)") | E11: =SUMIFS('SDA'!$E$4:$E$53,'SDA'!$A$4:$A$53,A11,'SDA'!$C$4:$C$53,"Impervious Vehicular")+SUMIFS('SDA'!$E$4:$E$53,'SDA'!$A$4:$A$53,A11,'SDA'!$C$4:$C$53,"Impervious Non-Vehicular") | F11: =SUMIFS('SDA'!$E$4:$E$53,'SDA'!$A$4:$A$53,A11,'SDA'!$C$4:$C$53,"BMP") | G11: =SUMIFS('SDA'!$G$4:$G$53,'SDA'!$A$4:$A$53,A11,'SDA'!$C$4:$C$53,"Natural (Woods)") | H11: =SUMIFS('SDA'!$G$4:$G$53,'SDA'!$A$4:$A$53,A11,'SDA'!$C$4:$C$53,"Compacted (Open Space)") | I11: =SUMIFS('SDA'!$G$4:$G$53,'SDA'!$A$4:$A$53,A11,'SDA'!$C$4:$C$53,"Impervious Vehicular")+SUMIFS('SDA'!$G$4:$G$53,'SDA'!$A$4:$A$53,A11,'SDA'!$C$4:$C$53,"Impervious Non-Vehicular") | J11: =SUMIFS('SDA'!$G$4:$G$53,'SDA'!$A$4:$A$53,A11,'SDA'!$C$4:$C$53,"BMP") | K11: =SUMIFS('SDA'!$G$4:$G$53,'SDA'!$A$4:$A$53,A11,'SDA'!$C$4:$C$53,"Impervious Vehicular") | L11: ='SDA'!J65 | M11: =IF(K11>0,"Yes","No")
A12: ='SDA'!A66 | B12: =IFERROR(INDEX('SDA'!$B$4:$B$53,MATCH(A12,'SDA'!$A$4:$A$53,0)),"") | C12: =SUMIFS('SDA'!$E$4:$E$53,'SDA'!$A$4:$A$53,A12,'SDA'!$C$4:$C$53,"Natural (Woods)") | D12: =SUMIFS('SDA'!$E$4:$E$53,'SDA'!$A$4:$A$53,A12,'SDA'!$C$4:$C$53,"Compacted (Open Space)") | E12: =SUMIFS('SDA'!$E$4:$E$53,'SDA'!$A$4:$A$53,A12,'SDA'!$C$4:$C$53,"Impervious Vehicular")+SUMIFS('SDA'!$E$4:$E$53,'SDA'!$A$4:$A$53,A12,'SDA'!$C$4:$C$53,"Impervious Non-Vehicular") | F12: =SUMIFS('SDA'!$E$4:$E$53,'SDA'!$A$4:$A$53,A12,'SDA'!$C$4:$C$53,"BMP") | G12: =SUMIFS('SDA'!$G$4:$G$53,'SDA'!$A$4:$A$53,A12,'SDA'!$C$4:$C$53,"Natural (Woods)") | H12: =SUMIFS('SDA'!$G$4:$G$53,'SDA'!$A$4:$A$53,A12,'SDA'!$C$4:$C$53,"Compacted (Open Space)") | I12: =SUMIFS('SDA'!$G$4:$G$53,'SDA'!$A$4:$A$53,A12,'SDA'!$C$4:$C$53,"Impervious Vehicular")+SUMIFS('SDA'!$G$4:$G$53,'SDA'!$A$4:$A$53,A12,'SDA'!$C$4:$C$53,"Impervious Non-Vehicular") | J12: =SUMIFS('SDA'!$G$4:$G$53,'SDA'!$A$4:$A$53,A12,'SDA'!$C$4:$C$53,"BMP") | K12: =SUMIFS('SDA'!$G$4:$G$53,'SDA'!$A$4:$A$53,A12,'SDA'!$C$4:$C$53,"Impervious Vehicular") | L12: ='SDA'!J66 | M12: =IF(K12>0,"Yes","No")
A13: ='SDA'!A67 | B13: =IFERROR(INDEX('SDA'!$B$4:$B$53,MATCH(A13,'SDA'!$A$4:$A$53,0)),"") | C13: =SUMIFS('SDA'!$E$4:$E$53,'SDA'!$A$4:$A$53,A13,'SDA'!$C$4:$C$53,"Natural (Woods)") | D13: =SUMIFS('SDA'!$E$4:$E$53,'SDA'!$A$4:$A$53,A13,'SDA'!$C$4:$C$53,"Compacted (Open Space)") | E13: =SUMIFS('SDA'!$E$4:$E$53,'SDA'!$A$4:$A$53,A13,'SDA'!$C$4:$C$53,"Impervious Vehicular")+SUMIFS('SDA'!$E$4:$E$53,'SDA'!$A$4:$A$53,A13,'SDA'!$C$4:$C$53,"Impervious Non-Vehicular") | F13: =SUMIFS('SDA'!$E$4:$E$53,'SDA'!$A$4:$A$53,A13,'SDA'!$C$4:$C$53,"BMP") | G13: =SUMIFS('SDA'!$G$4:$G$53,'SDA'!$A$4:$A$53,A13,'SDA'!$C$4:$C$53,"Natural (Woods)") | H13: =SUMIFS('SDA'!$G$4:$G$53,'SDA'!$A$4:$A$53,A13,'SDA'!$C$4:$C$53,"Compacted (Open Space)") | I13: =SUMIFS('SDA'!$G$4:$G$53,'SDA'!$A$4:$A$53,A13,'SDA'!$C$4:$C$53,"Impervious Vehicular")+SUMIFS('SDA'!$G$4:$G$53,'SDA'!$A$4:$A$53,A13,'SDA'!$C$4:$C$53,"Impervious Non-Vehicular") | J13: =SUMIFS('SDA'!$G$4:$G$53,'SDA'!$A$4:$A$53,A13,'SDA'!$C$4:$C$53,"BMP") | K13: =SUMIFS('SDA'!$G$4:$G$53,'SDA'!$A$4:$A$53,A13,'SDA'!$C$4:$C$53,"Impervious Vehicular") | L13: ='SDA'!J67 | M13: =IF(K13>0,"Yes","No")

Sheet DOEE_BMP_DATA
A1: DOEE_BMP_DATA — Compliance Calc Sheet 2 mirror
A3: BMP ID | B3: SDA Number | C3: BMP # in SDA | D3: BMP Name | E3: BMP Group / Sub-Type | F3: CDA Nat (SF) | G3: CDA Comp (SF) | H3: CDA Imp (SF) | I3: CDA BMP (SF) | J3: Sv (CF) | K3: Rv Applied (CF)
A4: =IF('BMP'!A4="","","BMP-"&TEXT(ROW()-3,"0")) | B4: ='BMP'!B4 | C4: =IFERROR(COUNTIF('BMP'!$B$4:$B$4,'BMP'!B4),"") | D4: ='BMP'!A4 | E4: =IFERROR('BMP'!D4&" / "&'BMP'!E4,"") | F4: =SUMIFS('CDA'!$E$4:$E$53,'CDA'!$A$4:$A$53,'BMP'!C4,'CDA'!$C$4:$C$53,"Natural (Woods)") | G4: =SUMIFS('CDA'!$E$4:$E$53,'CDA'!$A$4:$A$53,'BMP'!C4,'CDA'!$C$4:$C$53,"Compacted (Open Space)") | H4: =SUMIFS('CDA'!$E$4:$E$53,'CDA'!$A$4:$A$53,'BMP'!C4,'CDA'!$C$4:$C$53,"Impervious Vehicular")+SUMIFS('CDA'!$E$4:$E$53,'CDA'!$A$4:$A$53,'BMP'!C4,'CDA'!$C$4:$C$53,"Impervious Non-Vehicular") | I4: =SUMIFS('CDA'!$E$4:$E$53,'CDA'!$A$4:$A$53,'BMP'!C4,'CDA'!$C$4:$C$53,"BMP") | J4: ='BMP'!AI4 | K4: ='BMP'!AM4
A5: =IF('BMP'!A5="","","BMP-"&TEXT(ROW()-3,"0")) | B5: ='BMP'!B5 | C5: =IFERROR(COUNTIF('BMP'!$B$4:$B$5,'BMP'!B5),"") | D5: ='BMP'!A5 | E5: =IFERROR('BMP'!D5&" / "&'BMP'!E5,"") | F5: =SUMIFS('CDA'!$E$4:$E$53,'CDA'!$A$4:$A$53,'BMP'!C5,'CDA'!$C$4:$C$53,"Natural (Woods)") | G5: =SUMIFS('CDA'!$E$4:$E$53,'CDA'!$A$4:$A$53,'BMP'!C5,'CDA'!$C$4:$C$53,"Compacted (Open Space)") | H5: =SUMIFS('CDA'!$E$4:$E$53,'CDA'!$A$4:$A$53,'BMP'!C5,'CDA'!$C$4:$C$53,"Impervious Vehicular")+SUMIFS('CDA'!$E$4:$E$53,'CDA'!$A$4:$A$53,'BMP'!C5,'CDA'!$C$4:$C$53,"Impervious Non-Vehicular") | I5: =SUMIFS('CDA'!$E$4:$E$53,'CDA'!$A$4:$A$53,'BMP'!C5,'CDA'!$C$4:$C$53,"BMP") | J5: ='BMP'!AI5 | K5: ='BMP'!AM5
A6: =IF('BMP'!A6="","","BMP-"&TEXT(ROW()-3,"0")) | B6: ='BMP'!B6 | C6: =IFERROR(COUNTIF('BMP'!$B$4:$B$6,'BMP'!B6),"") | D6: ='BMP'!A6 | E6: =IFERROR('BMP'!D6&" / "&'BMP'!E6,"") | F6: =SUMIFS('CDA'!$E$4:$E$53,'CDA'!$A$4:$A$53,'BMP'!C6,'CDA'!$C$4:$C$53,"Natural (Woods)") | G6: =SUMIFS('CDA'!$E$4:$E$53,'CDA'!$A$4:$A$53,'BMP'!C6,'CDA'!$C$4:$C$53,"Compacted (Open Space)") | H6: =SUMIFS('CDA'!$E$4:$E$53,'CDA'!$A$4:$A$53,'BMP'!C6,'CDA'!$C$4:$C$53,"Impervious Vehicular")+SUMIFS('CDA'!$E$4:$E$53,'CDA'!$A$4:$A$53,'BMP'!C6,'CDA'!$C$4:$C$53,"Impervious Non-Vehicular") | I6: =SUMIFS('CDA'!$E$4:$E$53,'CDA'!$A$4:$A$53,'BMP'!C6,'CDA'!$C$4:$C$53,"BMP") | J6: ='BMP'!AI6 | K6: ='BMP'!AM6
A7: =IF('BMP'!A7="","","BMP-"&TEXT(ROW()-3,"0")) | B7: ='BMP'!B7 | C7: =IFERROR(COUNTIF('BMP'!$B$4:$B$7,'BMP'!B7),"") | D7: ='BMP'!A7 | E7: =IFERROR('BMP'!D7&" / "&'BMP'!E7,"") | F7: =SUMIFS('CDA'!$E$4:$E$53,'CDA'!$A$4:$A$53,'BMP'!C7,'CDA'!$C$4:$C$53,"Natural (Woods)") | G7: =SUMIFS('CDA'!$E$4:$E$53,'CDA'!$A$4:$A$53,'BMP'!C7,'CDA'!$C$4:$C$53,"Compacted (Open Space)") | H7: =SUMIFS('CDA'!$E$4:$E$53,'CDA'!$A$4:$A$53,'BMP'!C7,'CDA'!$C$4:$C$53,"Impervious Vehicular")+SUMIFS('CDA'!$E$4:$E$53,'CDA'!$A$4:$A$53,'BMP'!C7,'CDA'!$C$4:$C$53,"Impervious Non-Vehicular") | I7: =SUMIFS('CDA'!$E$4:$E$53,'CDA'!$A$4:$A$53,'BMP'!C7,'CDA'!$C$4:$C$53,"BMP") | J7: ='BMP'!AI7 | K7: ='BMP'!AM7
A8: =IF('BMP'!A8="","","BMP-"&TEXT(ROW()-3,"0")) | B8: ='BMP'!B8 | C8: =IFERROR(COUNTIF('BMP'!$B$4:$B$8,'BMP'!B8),"") | D8: ='BMP'!A8 | E8: =IFERROR('BMP'!D8&" / "&'BMP'!E8,"") | F8: =SUMIFS('CDA'!$E$4:$E$53,'CDA'!$A$4:$A$53,'BMP'!C8,'CDA'!$C$4:$C$53,"Natural (Woods)") | G8: =SUMIFS('CDA'!$E$4:$E$53,'CDA'!$A$4:$A$53,'BMP'!C8,'CDA'!$C$4:$C$53,"Compacted (Open Space)") | H8: =SUMIFS('CDA'!$E$4:$E$53,'CDA'!$A$4:$A$53,'BMP'!C8,'CDA'!$C$4:$C$53,"Impervious Vehicular")+SUMIFS('CDA'!$E$4:$E$53,'CDA'!$A$4:$A$53,'BMP'!C8,'CDA'!$C$4:$C$53,"Impervious Non-Vehicular") | I8: =SUMIFS('CDA'!$E$4:$E$53,'CDA'!$A$4:$A$53,'BMP'!C8,'CDA'!$C$4:$C$53,"BMP") | J8: ='BMP'!AI8 | K8: ='BMP'!AM8
A9: =IF('BMP'!A9="","","BMP-"&TEXT(ROW()-3,"0")) | B9: ='BMP'!B9 | C9: =IFERROR(COUNTIF('BMP'!$B$4:$B$9,'BMP'!B9),"") | D9: ='BMP'!A9 | E9: =IFERROR('BMP'!D9&" / "&'BMP'!E9,"") | F9: =SUMIFS('CDA'!$E$4:$E$53,'CDA'!$A$4:$A$53,'BMP'!C9,'CDA'!$C$4:$C$53,"Natural (Woods)") | G9: =SUMIFS('CDA'!$E$4:$E$53,'CDA'!$A$4:$A$53,'BMP'!C9,'CDA'!$C$4:$C$53,"Compacted (Open Space)") | H9: =SUMIFS('CDA'!$E$4:$E$53,'CDA'!$A$4:$A$53,'BMP'!C9,'CDA'!$C$4:$C$53,"Impervious Vehicular")+SUMIFS('CDA'!$E$4:$E$53,'CDA'!$A$4:$A$53,'BMP'!C9,'CDA'!$C$4:$C$53,"Impervious Non-Vehicular") | I9: =SUMIFS('CDA'!$E$4:$E$53,'CDA'!$A$4:$A$53,'BMP'!C9,'CDA'!$C$4:$C$53,"BMP") | J9: ='BMP'!AI9 | K9: ='BMP'!AM9
A10: =IF('BMP'!A10="","","BMP-"&TEXT(ROW()-3,"0")) | B10: ='BMP'!B10 | C10: =IFERROR(COUNTIF('BMP'!$B$4:$B$10,'BMP'!B10),"") | D10: ='BMP'!A10 | E10: =IFERROR('BMP'!D10&" / "&'BMP'!E10,"") | F10: =SUMIFS('CDA'!$E$4:$E$53,'CDA'!$A$4:$A$53,'BMP'!C10,'CDA'!$C$4:$C$53,"Natural (Woods)") | G10: =SUMIFS('CDA'!$E$4:$E$53,'CDA'!$A$4:$A$53,'BMP'!C10,'CDA'!$C$4:$C$53,"Compacted (Open Space)") | H10: =SUMIFS('CDA'!$E$4:$E$53,'CDA'!$A$4:$A$53,'BMP'!C10,'CDA'!$C$4:$C$53,"Impervious Vehicular")+SUMIFS('CDA'!$E$4:$E$53,'CDA'!$A$4:$A$53,'BMP'!C10,'CDA'!$C$4:$C$53,"Impervious Non-Vehicular") | I10: =SUMIFS('CDA'!$E$4:$E$53,'CDA'!$A$4:$A$53,'BMP'!C10,'CDA'!$C$4:$C$53,"BMP") | J10: ='BMP'!AI10 | K10: ='BMP'!AM10
A11: =IF('BMP'!A11="","","BMP-"&TEXT(ROW()-3,"0")) | B11: ='BMP'!B11 | C11: =IFERROR(COUNTIF('BMP'!$B$4:$B$11,'BMP'!B11),"") | D11: ='BMP'!A11 | E11: =IFERROR('BMP'!D11&" / "&'BMP'!E11,"") | F11: =SUMIFS('CDA'!$E$4:$E$53,'CDA'!$A$4:$A$53,'BMP'!C11,'CDA'!$C$4:$C$53,"Natural (Woods)") | G11: =SUMIFS('CDA'!$E$4:$E$53,'CDA'!$A$4:$A$53,'BMP'!C11,'CDA'!$C$4:$C$53,"Compacted (Open Space)") | H11: =SUMIFS('CDA'!$E$4:$E$53,'CDA'!$A$4:$A$53,'BMP'!C11,'CDA'!$C$4:$C$53,"Impervious Vehicular")+SUMIFS('CDA'!$E$4:$E$53,'CDA'!$A$4:$A$53,'BMP'!C11,'CDA'!$C$4:$C$53,"Impervious Non-Vehicular") | I11: =SUMIFS('CDA'!$E$4:$E$53,'CDA'!$A$4:$A$53,'BMP'!C11,'CDA'!$C$4:$C$53,"BMP") | J11: ='BMP'!AI11 | K11: ='BMP'!AM11
A12: =IF('BMP'!A12="","","BMP-"&TEXT(ROW()-3,"0")) | B12: ='BMP'!B12 | C12: =IFERROR(COUNTIF('BMP'!$B$4:$B$12,'BMP'!B12),"") | D12: ='BMP'!A12 | E12: =IFERROR('BMP'!D12&" / "&'BMP'!E12,"") | F12: =SUMIFS('CDA'!$E$4:$E$53,'CDA'!$A$4:$A$53,'BMP'!C12,'CDA'!$C$4:$C$53,"Natural (Woods)") | G12: =SUMIFS('CDA'!$E$4:$E$53,'CDA'!$A$4:$A$53,'BMP'!C12,'CDA'!$C$4:$C$53,"Compacted (Open Space)") | H12: =SUMIFS('CDA'!$E$4:$E$53,'CDA'!$A$4:$A$53,'BMP'!C12,'CDA'!$C$4:$C$53,"Impervious Vehicular")+SUMIFS('CDA'!$E$4:$E$53,'CDA'!$A$4:$A$53,'BMP'!C12,'CDA'!$C$4:$C$53,"Impervious Non-Vehicular") | I12: =SUMIFS('CDA'!$E$4:$E$53,'CDA'!$A$4:$A$53,'BMP'!C12,'CDA'!$C$4:$C$53,"BMP") | J12: ='BMP'!AI12 | K12: ='BMP'!AM12
A13: =IF('BMP'!A13="","","BMP-"&TEXT(ROW()-3,"0")) | B13: ='BMP'!B13 | C13: =IFERROR(COUNTIF('BMP'!$B$4:$B$13,'BMP'!B13),"") | D13: ='BMP'!A13 | E13: =IFERROR('BMP'!D13&" / "&'BMP'!E13,"") | F13: =SUMIFS('CDA'!$E$4:$E$53,'CDA'!$A$4:$A$53,'BMP'!C13,'CDA'!$C$4:$C$53,"Natural (Woods)") | G13: =SUMIFS('CDA'!$E$4:$E$53,'CDA'!$A$4:$A$53,'BMP'!C13,'CDA'!$C$4:$C$53,"Compacted (Open Space)") | H13: =SUMIFS('CDA'!$E$4:$E$53,'CDA'!$A$4:$A$53,'BMP'!C13,'CDA'!$C$4:$C$53,"Impervious Vehicular")+SUMIFS('CDA'!$E$4:$E$53,'CDA'!$A$4:$A$53,'BMP'!C13,'CDA'!$C$4:$C$53,"Impervious Non-Vehicular") | I13: =SUMIFS('CDA'!$E$4:$E$53,'CDA'!$A$4:$A$53,'BMP'!C13,'CDA'!$C$4:$C$53,"BMP") | J13: ='BMP'!AI13 | K13: ='BMP'!AM13
A14: =IF('BMP'!A14="","","BMP-"&TEXT(ROW()-3,"0")) | B14: ='BMP'!B14 | C14: =IFERROR(COUNTIF('BMP'!$B$4:$B$14,'BMP'!B14),"") | D14: ='BMP'!A14 | E14: =IFERROR('BMP'!D14&" / "&'BMP'!E14,"") | F14: =SUMIFS('CDA'!$E$4:$E$53,'CDA'!$A$4:$A$53,'BMP'!C14,'CDA'!$C$4:$C$53,"Natural (Woods)") | G14: =SUMIFS('CDA'!$E$4:$E$53,'CDA'!$A$4:$A$53,'BMP'!C14,'CDA'!$C$4:$C$53,"Compacted (Open Space)") | H14: =SUMIFS('CDA'!$E$4:$E$53,'CDA'!$A$4:$A$53,'BMP'!C14,'CDA'!$C$4:$C$53,"Impervious Vehicular")+SUMIFS('CDA'!$E$4:$E$53,'CDA'!$A$4:$A$53,'BMP'!C14,'CDA'!$C$4:$C$53,"Impervious Non-Vehicular") | I14: =SUMIFS('CDA'!$E$4:$E$53,'CDA'!$A$4:$A$53,'BMP'!C14,'CDA'!$C$4:$C$53,"BMP") | J14: ='BMP'!AI14 | K14: ='BMP'!AM14
A15: =IF('BMP'!A15="","","BMP-"&TEXT(ROW()-3,"0")) | B15: ='BMP'!B15 | C15: =IFERROR(COUNTIF('BMP'!$B$4:$B$15,'BMP'!B15),"") | D15: ='BMP'!A15 | E15: =IFERROR('BMP'!D15&" / "&'BMP'!E15,"") | F15: =SUMIFS('CDA'!$E$4:$E$53,'CDA'!$A$4:$A$53,'BMP'!C15,'CDA'!$C$4:$C$53,"Natural (Woods)") | G15: =SUMIFS('CDA'!$E$4:$E$53,'CDA'!$A$4:$A$53,'BMP'!C15,'CDA'!$C$4:$C$53,"Compacted (Open Space)") | H15: =SUMIFS('CDA'!$E$4:$E$53,'CDA'!$A$4:$A$53,'BMP'!C15,'CDA'!$C$4:$C$53,"Impervious Vehicular")+SUMIFS('CDA'!$E$4:$E$53,'CDA'!$A$4:$A$53,'BMP'!C15,'CDA'!$C$4:$C$53,"Impervious Non-Vehicular") | I15: =SUMIFS('CDA'!$E$4:$E$53,'CDA'!$A$4:$A$53,'BMP'!C15,'CDA'!$C$4:$C$53,"BMP") | J15: ='BMP'!AI15 | K15: ='BMP'!AM15
A16: =IF('BMP'!A16="","","BMP-"&TEXT(ROW()-3,"0")) | B16: ='BMP'!B16 | C16: =IFERROR(COUNTIF('BMP'!$B$4:$B$16,'BMP'!B16),"") | D16: ='BMP'!A16 | E16: =IFERROR('BMP'!D16&" / "&'BMP'!E16,"") | F16: =SUMIFS('CDA'!$E$4:$E$53,'CDA'!$A$4:$A$53,'BMP'!C16,'CDA'!$C$4:$C$53,"Natural (Woods)") | G16: =SUMIFS('CDA'!$E$4:$E$53,'CDA'!$A$4:$A$53,'BMP'!C16,'CDA'!$C$4:$C$53,"Compacted (Open Space)") | H16: =SUMIFS('CDA'!$E$4:$E$53,'CDA'!$A$4:$A$53,'BMP'!C16,'CDA'!$C$4:$C$53,"Impervious Vehicular")+SUMIFS('CDA'!$E$4:$E$53,'CDA'!$A$4:$A$53,'BMP'!C16,'CDA'!$C$4:$C$53,"Impervious Non-Vehicular") | I16: =SUMIFS('CDA'!$E$4:$E$53,'CDA'!$A$4:$A$53,'BMP'!C16,'CDA'!$C$4:$C$53,"BMP") | J16: ='BMP'!AI16 | K16: ='BMP'!AM16
A17: =IF('BMP'!A17="","","BMP-"&TEXT(ROW()-3,"0")) | B17: ='BMP'!B17 | C17: =IFERROR(COUNTIF('BMP'!$B$4:$B$17,'BMP'!B17),"") | D17: ='BMP'!A17 | E17: =IFERROR('BMP'!D17&" / "&'BMP'!E17,"") | F17: =SUMIFS('CDA'!$E$4:$E$53,'CDA'!$A$4:$A$53,'BMP'!C17,'CDA'!$C$4:$C$53,"Natural (Woods)") | G17: =SUMIFS('CDA'!$E$4:$E$53,'CDA'!$A$4:$A$53,'BMP'!C17,'CDA'!$C$4:$C$53,"Compacted (Open Space)") | H17: =SUMIFS('CDA'!$E$4:$E$53,'CDA'!$A$4:$A$53,'BMP'!C17,'CDA'!$C$4:$C$53,"Impervious Vehicular")+SUMIFS('CDA'!$E$4:$E$53,'CDA'!$A$4:$A$53,'BMP'!C17,'CDA'!$C$4:$C$53,"Impervious Non-Vehicular") | I17: =SUMIFS('CDA'!$E$4:$E$53,'CDA'!$A$4:$A$53,'BMP'!C17,'CDA'!$C$4:$C$53,"BMP") | J17: ='BMP'!AI17 | K17: ='BMP'!AM17
A18: =IF('BMP'!A18="","","BMP-"&TEXT(ROW()-3,"0")) | B18: ='BMP'!B18 | C18: =IFERROR(COUNTIF('BMP'!$B$4:$B$18,'BMP'!B18),"") | D18: ='BMP'!A18 | E18: =IFERROR('BMP'!D18&" / "&'BMP'!E18,"") | F18: =SUMIFS('CDA'!$E$4:$E$53,'CDA'!$A$4:$A$53,'BMP'!C18,'CDA'!$C$4:$C$53,"Natural (Woods)") | G18: =SUMIFS('CDA'!$E$4:$E$53,'CDA'!$A$4:$A$53,'BMP'!C18,'CDA'!$C$4:$C$53,"Compacted (Open Space)") | H18: =SUMIFS('CDA'!$E$4:$E$53,'CDA'!$A$4:$A$53,'BMP'!C18,'CDA'!$C$4:$C$53,"Impervious Vehicular")+SUMIFS('CDA'!$E$4:$E$53,'CDA'!$A$4:$A$53,'BMP'!C18,'CDA'!$C$4:$C$53,"Impervious Non-Vehicular") | I18: =SUMIFS('CDA'!$E$4:$E$53,'CDA'!$A$4:$A$53,'BMP'!C18,'CDA'!$C$4:$C$53,"BMP") | J18: ='BMP'!AI18 | K18: ='BMP'!AM18
A19: =IF('BMP'!A19="","","BMP-"&TEXT(ROW()-3,"0")) | B19: ='BMP'!B19 | C19: =IFERROR(COUNTIF('BMP'!$B$4:$B$19,'BMP'!B19),"") | D19: ='BMP'!A19 | E19: =IFERROR('BMP'!D19&" / "&'BMP'!E19,"") | F19: =SUMIFS('CDA'!$E$4:$E$53,'CDA'!$A$4:$A$53,'BMP'!C19,'CDA'!$C$4:$C$53,"Natural (Woods)") | G19: =SUMIFS('CDA'!$E$4:$E$53,'CDA'!$A$4:$A$53,'BMP'!C19,'CDA'!$C$4:$C$53,"Compacted (Open Space)") | H19: =SUMIFS('CDA'!$E$4:$E$53,'CDA'!$A$4:$A$53,'BMP'!C19,'CDA'!$C$4:$C$53,"Impervious Vehicular")+SUMIFS('CDA'!$E$4:$E$53,'CDA'!$A$4:$A$53,'BMP'!C19,'CDA'!$C$4:$C$53,"Impervious Non-Vehicular") | I19: =SUMIFS('CDA'!$E$4:$E$53,'CDA'!$A$4:$A$53,'BMP'!C19,'CDA'!$C$4:$C$53,"BMP") | J19: ='BMP'!AI19 | K19: ='BMP'!AM19
A20: =IF('BMP'!A20="","","BMP-"&TEXT(ROW()-3,"0")) | B20: ='BMP'!B20 | C20: =IFERROR(COUNTIF('BMP'!$B$4:$B$20,'BMP'!B20),"") | D20: ='BMP'!A20 | E20: =IFERROR('BMP'!D20&" / "&'BMP'!E20,"") | F20: =SUMIFS('CDA'!$E$4:$E$53,'CDA'!$A$4:$A$53,'BMP'!C20,'CDA'!$C$4:$C$53,"Natural (Woods)") | G20: =SUMIFS('CDA'!$E$4:$E$53,'CDA'!$A$4:$A$53,'BMP'!C20,'CDA'!$C$4:$C$53,"Compacted (Open Space)") | H20: =SUMIFS('CDA'!$E$4:$E$53,'CDA'!$A$4:$A$53,'BMP'!C20,'CDA'!$C$4:$C$53,"Impervious Vehicular")+SUMIFS('CDA'!$E$4:$E$53,'CDA'!$A$4:$A$53,'BMP'!C20,'CDA'!$C$4:$C$53,"Impervious Non-Vehicular") | I20: =SUMIFS('CDA'!$E$4:$E$53,'CDA'!$A$4:$A$53,'BMP'!C20,'CDA'!$C$4:$C$53,"BMP") | J20: ='BMP'!AI20 | K20: ='BMP'!AM20
A21: =IF('BMP'!A21="","","BMP-"&TEXT(ROW()-3,"0")) | B21: ='BMP'!B21 | C21: =IFERROR(COUNTIF('BMP'!$B$4:$B$21,'BMP'!B21),"") | D21: ='BMP'!A21 | E21: =IFERROR('BMP'!D21&" / "&'BMP'!E21,"") | F21: =SUMIFS('CDA'!$E$4:$E$53,'CDA'!$A$4:$A$53,'BMP'!C21,'CDA'!$C$4:$C$53,"Natural (Woods)") | G21: =SUMIFS('CDA'!$E$4:$E$53,'CDA'!$A$4:$A$53,'BMP'!C21,'CDA'!$C$4:$C$53,"Compacted (Open Space)") | H21: =SUMIFS('CDA'!$E$4:$E$53,'CDA'!$A$4:$A$53,'BMP'!C21,'CDA'!$C$4:$C$53,"Impervious Vehicular")+SUMIFS('CDA'!$E$4:$E$53,'CDA'!$A$4:$A$53,'BMP'!C21,'CDA'!$C$4:$C$53,"Impervious Non-Vehicular") | I21: =SUMIFS('CDA'!$E$4:$E$53,'CDA'!$A$4:$A$53,'BMP'!C21,'CDA'!$C$4:$C$53,"BMP") | J21: ='BMP'!AI21 | K21: ='BMP'!AM21
A22: =IF('BMP'!A22="","","BMP-"&TEXT(ROW()-3,"0")) | B22: ='BMP'!B22 | C22: =IFERROR(COUNTIF('BMP'!$B$4:$B$22,'BMP'!B22),"") | D22: ='BMP'!A22 | E22: =IFERROR('BMP'!D22&" / "&'BMP'!E22,"") | F22: =SUMIFS('CDA'!$E$4:$E$53,'CDA'!$A$4:$A$53,'BMP'!C22,'CDA'!$C$4:$C$53,"Natural (Woods)") | G22: =SUMIFS('CDA'!$E$4:$E$53,'CDA'!$A$4:$A$53,'BMP'!C22,'CDA'!$C$4:$C$53,"Compacted (Open Space)") | H22: =SUMIFS('CDA'!$E$4:$E$53,'CDA'!$A$4:$A$53,'BMP'!C22,'CDA'!$C$4:$C$53,"Impervious Vehicular")+SUMIFS('CDA'!$E$4:$E$53,'CDA'!$A$4:$A$53,'BMP'!C22,'CDA'!$C$4:$C$53,"Impervious Non-Vehicular") | I22: =SUMIFS('CDA'!$E$4:$E$53,'CDA'!$A$4:$A$53,'BMP'!C22,'CDA'!$C$4:$C$53,"BMP") | J22: ='BMP'!AI22 | K22: ='BMP'!AM22
A23: =IF('BMP'!A23="","","BMP-"&TEXT(ROW()-3,"0")) | B23: ='BMP'!B23 | C23: =IFERROR(COUNTIF('BMP'!$B$4:$B$23,'BMP'!B23),"") | D23: ='BMP'!A23 | E23: =IFERROR('BMP'!D23&" / "&'BMP'!E23,"") | F23: =SUMIFS('CDA'!$E$4:$E$53,'CDA'!$A$4:$A$53,'BMP'!C23,'CDA'!$C$4:$C$53,"Natural (Woods)") | G23: =SUMIFS('CDA'!$E$4:$E$53,'CDA'!$A$4:$A$53,'BMP'!C23,'CDA'!$C$4:$C$53,"Compacted (Open Space)") | H23: =SUMIFS('CDA'!$E$4:$E$53,'CDA'!$A$4:$A$53,'BMP'!C23,'CDA'!$C$4:$C$53,"Impervious Vehicular")+SUMIFS('CDA'!$E$4:$E$53,'CDA'!$A$4:$A$53,'BMP'!C23,'CDA'!$C$4:$C$53,"Impervious Non-Vehicular") | I23: =SUMIFS('CDA'!$E$4:$E$53,'CDA'!$A$4:$A$53,'BMP'!C23,'CDA'!$C$4:$C$53,"BMP") | J23: ='BMP'!AI23 | K23: ='BMP'!AM23
A24: =IF('BMP'!A24="","","BMP-"&TEXT(ROW()-3,"0")) | B24: ='BMP'!B24 | C24: =IFERROR(COUNTIF('BMP'!$B$4:$B$24,'BMP'!B24),"") | D24: ='BMP'!A24 | E24: =IFERROR('BMP'!D24&" / "&'BMP'!E24,"") | F24: =SUMIFS('CDA'!$E$4:$E$53,'CDA'!$A$4:$A$53,'BMP'!C24,'CDA'!$C$4:$C$53,"Natural (Woods)") | G24: =SUMIFS('CDA'!$E$4:$E$53,'CDA'!$A$4:$A$53,'BMP'!C24,'CDA'!$C$4:$C$53,"Compacted (Open Space)") | H24: =SUMIFS('CDA'!$E$4:$E$53,'CDA'!$A$4:$A$53,'BMP'!C24,'CDA'!$C$4:$C$53,"Impervious Vehicular")+SUMIFS('CDA'!$E$4:$E$53,'CDA'!$A$4:$A$53,'BMP'!C24,'CDA'!$C$4:$C$53,"Impervious Non-Vehicular") | I24: =SUMIFS('CDA'!$E$4:$E$53,'CDA'!$A$4:$A$53,'BMP'!C24,'CDA'!$C$4:$C$53,"BMP") | J24: ='BMP'!AI24 | K24: ='BMP'!AM24
A25: =IF('BMP'!A25="","","BMP-"&TEXT(ROW()-3,"0")) | B25: ='BMP'!B25 | C25: =IFERROR(COUNTIF('BMP'!$B$4:$B$25,'BMP'!B25),"") | D25: ='BMP'!A25 | E25: =IFERROR('BMP'!D25&" / "&'BMP'!E25,"") | F25: =SUMIFS('CDA'!$E$4:$E$53,'CDA'!$A$4:$A$53,'BMP'!C25,'CDA'!$C$4:$C$53,"Natural (Woods)") | G25: =SUMIFS('CDA'!$E$4:$E$53,'CDA'!$A$4:$A$53,'BMP'!C25,'CDA'!$C$4:$C$53,"Compacted (Open Space)") | H25: =SUMIFS('CDA'!$E$4:$E$53,'CDA'!$A$4:$A$53,'BMP'!C25,'CDA'!$C$4:$C$53,"Impervious Vehicular")+SUMIFS('CDA'!$E$4:$E$53,'CDA'!$A$4:$A$53,'BMP'!C25,'CDA'!$C$4:$C$53,"Impervious Non-Vehicular") | I25: =SUMIFS('CDA'!$E$4:$E$53,'CDA'!$A$4:$A$53,'BMP'!C25,'CDA'!$C$4:$C$53,"BMP") | J25: ='BMP'!AI25 | K25: ='BMP'!AM25
A26: =IF('BMP'!A26="","","BMP-"&TEXT(ROW()-3,"0")) | B26: ='BMP'!B26 | C26: =IFERROR(COUNTIF('BMP'!$B$4:$B$26,'BMP'!B26),"") | D26: ='BMP'!A26 | E26: =IFERROR('BMP'!D26&" / "&'BMP'!E26,"") | F26: =SUMIFS('CDA'!$E$4:$E$53,'CDA'!$A$4:$A$53,'BMP'!C26,'CDA'!$C$4:$C$53,"Natural (Woods)") | G26: =SUMIFS('CDA'!$E$4:$E$53,'CDA'!$A$4:$A$53,'BMP'!C26,'CDA'!$C$4:$C$53,"Compacted (Open Space)") | H26: =SUMIFS('CDA'!$E$4:$E$53,'CDA'!$A$4:$A$53,'BMP'!C26,'CDA'!$C$4:$C$53,"Impervious Vehicular")+SUMIFS('CDA'!$E$4:$E$53,'CDA'!$A$4:$A$53,'BMP'!C26,'CDA'!$C$4:$C$53,"Impervious Non-Vehicular") | I26: =SUMIFS('CDA'!$E$4:$E$53,'CDA'!$A$4:$A$53,'BMP'!C26,'CDA'!$C$4:$C$53,"BMP") | J26: ='BMP'!AI26 | K26: ='BMP'!AM26
A27: =IF('BMP'!A27="","","BMP-"&TEXT(ROW()-3,"0")) | B27: ='BMP'!B27 | C27: =IFERROR(COUNTIF('BMP'!$B$4:$B$27,'BMP'!B27),"") | D27: ='BMP'!A27 | E27: =IFERROR('BMP'!D27&" / "&'BMP'!E27,"") | F27: =SUMIFS('CDA'!$E$4:$E$53,'CDA'!$A$4:$A$53,'BMP'!C27,'CDA'!$C$4:$C$53,"Natural (Woods)") | G27: =SUMIFS('CDA'!$E$4:$E$53,'CDA'!$A$4:$A$53,'BMP'!C27,'CDA'!$C$4:$C$53,"Compacted (Open Space)") | H27: =SUMIFS('CDA'!$E$4:$E$53,'CDA'!$A$4:$A$53,'BMP'!C27,'CDA'!$C$4:$C$53,"Impervious Vehicular")+SUMIFS('CDA'!$E$4:$E$53,'CDA'!$A$4:$A$53,'BMP'!C27,'CDA'!$C$4:$C$53,"Impervious Non-Vehicular") | I27: =SUMIFS('CDA'!$E$4:$E$53,'CDA'!$A$4:$A$53,'BMP'!C27,'CDA'!$C$4:$C$53,"BMP") | J27: ='BMP'!AI27 | K27: ='BMP'!AM27
A28: =IF('BMP'!A28="","","BMP-"&TEXT(ROW()-3,"0")) | B28: ='BMP'!B28 | C28: =IFERROR(COUNTIF('BMP'!$B$4:$B$28,'BMP'!B28),"") | D28: ='BMP'!A28 | E28: =IFERROR('BMP'!D28&" / "&'BMP'!E28,"") | F28: =SUMIFS('CDA'!$E$4:$E$53,'CDA'!$A$4:$A$53,'BMP'!C28,'CDA'!$C$4:$C$53,"Natural (Woods)") | G28: =SUMIFS('CDA'!$E$4:$E$53,'CDA'!$A$4:$A$53,'BMP'!C28,'CDA'!$C$4:$C$53,"Compacted (Open Space)") | H28: =SUMIFS('CDA'!$E$4:$E$53,'CDA'!$A$4:$A$53,'BMP'!C28,'CDA'!$C$4:$C$53,"Impervious Vehicular")+SUMIFS('CDA'!$E$4:$E$53,'CDA'!$A$4:$A$53,'BMP'!C28,'CDA'!$C$4:$C$53,"Impervious Non-Vehicular") | I28: =SUMIFS('CDA'!$E$4:$E$53,'CDA'!$A$4:$A$53,'BMP'!C28,'CDA'!$C$4:$C$53,"BMP") | J28: ='BMP'!AI28 | K28: ='BMP'!AM28
A29: =IF('BMP'!A29="","","BMP-"&TEXT(ROW()-3,"0")) | B29: ='BMP'!B29 | C29: =IFERROR(COUNTIF('BMP'!$B$4:$B$29,'BMP'!B29),"") | D29: ='BMP'!A29 | E29: =IFERROR('BMP'!D29&" / "&'BMP'!E29,"") | F29: =SUMIFS('CDA'!$E$4:$E$53,'CDA'!$A$4:$A$53,'BMP'!C29,'CDA'!$C$4:$C$53,"Natural (Woods)") | G29: =SUMIFS('CDA'!$E$4:$E$53,'CDA'!$A$4:$A$53,'BMP'!C29,'CDA'!$C$4:$C$53,"Compacted (Open Space)") | H29: =SUMIFS('CDA'!$E$4:$E$53,'CDA'!$A$4:$A$53,'BMP'!C29,'CDA'!$C$4:$C$53,"Impervious Vehicular")+SUMIFS('CDA'!$E$4:$E$53,'CDA'!$A$4:$A$53,'BMP'!C29,'CDA'!$C$4:$C$53,"Impervious Non-Vehicular") | I29: =SUMIFS('CDA'!$E$4:$E$53,'CDA'!$A$4:$A$53,'BMP'!C29,'CDA'!$C$4:$C$53,"BMP") | J29: ='BMP'!AI29 | K29: ='BMP'!AM29
A30: =IF('BMP'!A30="","","BMP-"&TEXT(ROW()-3,"0")) | B30: ='BMP'!B30 | C30: =IFERROR(COUNTIF('BMP'!$B$4:$B$30,'BMP'!B30),"") | D30: ='BMP'!A30 | E30: =IFERROR('BMP'!D30&" / "&'BMP'!E30,"") | F30: =SUMIFS('CDA'!$E$4:$E$53,'CDA'!$A$4:$A$53,'BMP'!C30,'CDA'!$C$4:$C$53,"Natural (Woods)") | G30: =SUMIFS('CDA'!$E$4:$E$53,'CDA'!$A$4:$A$53,'BMP'!C30,'CDA'!$C$4:$C$53,"Compacted (Open Space)") | H30: =SUMIFS('CDA'!$E$4:$E$53,'CDA'!$A$4:$A$53,'BMP'!C30,'CDA'!$C$4:$C$53,"Impervious Vehicular")+SUMIFS('CDA'!$E$4:$E$53,'CDA'!$A$4:$A$53,'BMP'!C30,'CDA'!$C$4:$C$53,"Impervious Non-Vehicular") | I30: =SUMIFS('CDA'!$E$4:$E$53,'CDA'!$A$4:$A$53,'BMP'!C30,'CDA'!$C$4:$C$53,"BMP") | J30: ='BMP'!AI30 | K30: ='BMP'!AM30
A31: =IF('BMP'!A31="","","BMP-"&TEXT(ROW()-3,"0")) | B31: ='BMP'!B31 | C31: =IFERROR(COUNTIF('BMP'!$B$4:$B$31,'BMP'!B31),"") | D31: ='BMP'!A31 | E31: =IFERROR('BMP'!D31&" / "&'BMP'!E31,"") | F31: =SUMIFS('CDA'!$E$4:$E$53,'CDA'!$A$4:$A$53,'BMP'!C31,'CDA'!$C$4:$C$53,"Natural (Woods)") | G31: =SUMIFS('CDA'!$E$4:$E$53,'CDA'!$A$4:$A$53,'BMP'!C31,'CDA'!$C$4:$C$53,"Compacted (Open Space)") | H31: =SUMIFS('CDA'!$E$4:$E$53,'CDA'!$A$4:$A$53,'BMP'!C31,'CDA'!$C$4:$C$53,"Impervious Vehicular")+SUMIFS('CDA'!$E$4:$E$53,'CDA'!$A$4:$A$53,'BMP'!C31,'CDA'!$C$4:$C$53,"Impervious Non-Vehicular") | I31: =SUMIFS('CDA'!$E$4:$E$53,'CDA'!$A$4:$A$53,'BMP'!C31,'CDA'!$C$4:$C$53,"BMP") | J31: ='BMP'!AI31 | K31: ='BMP'!AM31
A32: =IF('BMP'!A32="","","BMP-"&TEXT(ROW()-3,"0")) | B32: ='BMP'!B32 | C32: =IFERROR(COUNTIF('BMP'!$B$4:$B$32,'BMP'!B32),"") | D32: ='BMP'!A32 | E32: =IFERROR('BMP'!D32&" / "&'BMP'!E32,"") | F32: =SUMIFS('CDA'!$E$4:$E$53,'CDA'!$A$4:$A$53,'BMP'!C32,'CDA'!$C$4:$C$53,"Natural (Woods)") | G32: =SUMIFS('CDA'!$E$4:$E$53,'CDA'!$A$4:$A$53,'BMP'!C32,'CDA'!$C$4:$C$53,"Compacted (Open Space)") | H32: =SUMIFS('CDA'!$E$4:$E$53,'CDA'!$A$4:$A$53,'BMP'!C32,'CDA'!$C$4:$C$53,"Impervious Vehicular")+SUMIFS('CDA'!$E$4:$E$53,'CDA'!$A$4:$A$53,'BMP'!C32,'CDA'!$C$4:$C$53,"Impervious Non-Vehicular") | I32: =SUMIFS('CDA'!$E$4:$E$53,'CDA'!$A$4:$A$53,'BMP'!C32,'CDA'!$C$4:$C$53,"BMP") | J32: ='BMP'!AI32 | K32: ='BMP'!AM32
A33: =IF('BMP'!A33="","","BMP-"&TEXT(ROW()-3,"0")) | B33: ='BMP'!B33 | C33: =IFERROR(COUNTIF('BMP'!$B$4:$B$33,'BMP'!B33),"") | D33: ='BMP'!A33 | E33: =IFERROR('BMP'!D33&" / "&'BMP'!E33,"") | F33: =SUMIFS('CDA'!$E$4:$E$53,'CDA'!$A$4:$A$53,'BMP'!C33,'CDA'!$C$4:$C$53,"Natural (Woods)") | G33: =SUMIFS('CDA'!$E$4:$E$53,'CDA'!$A$4:$A$53,'BMP'!C33,'CDA'!$C$4:$C$53,"Compacted (Open Space)") | H33: =SUMIFS('CDA'!$E$4:$E$53,'CDA'!$A$4:$A$53,'BMP'!C33,'CDA'!$C$4:$C$53,"Impervious Vehicular")+SUMIFS('CDA'!$E$4:$E$53,'CDA'!$A$4:$A$53,'BMP'!C33,'CDA'!$C$4:$C$53,"Impervious Non-Vehicular") | I33: =SUMIFS('CDA'!$E$4:$E$53,'CDA'!$A$4:$A$53,'BMP'!C33,'CDA'!$C$4:$C$53,"BMP") | J33: ='BMP'!AI33 | K33: ='BMP'!AM33
A34: =IF('BMP'!A34="","","BMP-"&TEXT(ROW()-3,"0")) | B34: ='BMP'!B34 | C34: =IFERROR(COUNTIF('BMP'!$B$4:$B$34,'BMP'!B34),"") | D34: ='BMP'!A34 | E34: =IFERROR('BMP'!D34&" / "&'BMP'!E34,"") | F34: =SUMIFS('CDA'!$E$4:$E$53,'CDA'!$A$4:$A$53,'BMP'!C34,'CDA'!$C$4:$C$53,"Natural (Woods)") | G34: =SUMIFS('CDA'!$E$4:$E$53,'CDA'!$A$4:$A$53,'BMP'!C34,'CDA'!$C$4:$C$53,"Compacted (Open Space)") | H34: =SUMIFS('CDA'!$E$4:$E$53,'CDA'!$A$4:$A$53,'BMP'!C34,'CDA'!$C$4:$C$53,"Impervious Vehicular")+SUMIFS('CDA'!$E$4:$E$53,'CDA'!$A$4:$A$53,'BMP'!C34,'CDA'!$C$4:$C$53,"Impervious Non-Vehicular") | I34: =SUMIFS('CDA'!$E$4:$E$53,'CDA'!$A$4:$A$53,'BMP'!C34,'CDA'!$C$4:$C$53,"BMP") | J34: ='BMP'!AI34 | K34: ='BMP'!AM34
A35: =IF('BMP'!A35="","","BMP-"&TEXT(ROW()-3,"0")) | B35: ='BMP'!B35 | C35: =IFERROR(COUNTIF('BMP'!$B$4:$B$35,'BMP'!B35),"") | D35: ='BMP'!A35 | E35: =IFERROR('BMP'!D35&" / "&'BMP'!E35,"") | F35: =SUMIFS('CDA'!$E$4:$E$53,'CDA'!$A$4:$A$53,'BMP'!C35,'CDA'!$C$4:$C$53,"Natural (Woods)") | G35: =SUMIFS('CDA'!$E$4:$E$53,'CDA'!$A$4:$A$53,'BMP'!C35,'CDA'!$C$4:$C$53,"Compacted (Open Space)") | H35: =SUMIFS('CDA'!$E$4:$E$53,'CDA'!$A$4:$A$53,'BMP'!C35,'CDA'!$C$4:$C$53,"Impervious Vehicular")+SUMIFS('CDA'!$E$4:$E$53,'CDA'!$A$4:$A$53,'BMP'!C35,'CDA'!$C$4:$C$53,"Impervious Non-Vehicular") | I35: =SUMIFS('CDA'!$E$4:$E$53,'CDA'!$A$4:$A$53,'BMP'!C35,'CDA'!$C$4:$C$53,"BMP") | J35: ='BMP'!AI35 | K35: ='BMP'!AM35
A36: =IF('BMP'!A36="","","BMP-"&TEXT(ROW()-3,"0")) | B36: ='BMP'!B36 | C36: =IFERROR(COUNTIF('BMP'!$B$4:$B$36,'BMP'!B36),"") | D36: ='BMP'!A36 | E36: =IFERROR('BMP'!D36&" / "&'BMP'!E36,"") | F36: =SUMIFS('CDA'!$E$4:$E$53,'CDA'!$A$4:$A$53,'BMP'!C36,'CDA'!$C$4:$C$53,"Natural (Woods)") | G36: =SUMIFS('CDA'!$E$4:$E$53,'CDA'!$A$4:$A$53,'BMP'!C36,'CDA'!$C$4:$C$53,"Compacted (Open Space)") | H36: =SUMIFS('CDA'!$E$4:$E$53,'CDA'!$A$4:$A$53,'BMP'!C36,'CDA'!$C$4:$C$53,"Impervious Vehicular")+SUMIFS('CDA'!$E$4:$E$53,'CDA'!$A$4:$A$53,'BMP'!C36,'CDA'!$C$4:$C$53,"Impervious Non-Vehicular") | I36: =SUMIFS('CDA'!$E$4:$E$53,'CDA'!$A$4:$A$53,'BMP'!C36,'CDA'!$C$4:$C$53,"BMP") | J36: ='BMP'!AI36 | K36: ='BMP'!AM36
A37: =IF('BMP'!A37="","","BMP-"&TEXT(ROW()-3,"0")) | B37: ='BMP'!B37 | C37: =IFERROR(COUNTIF('BMP'!$B$4:$B$37,'BMP'!B37),"") | D37: ='BMP'!A37 | E37: =IFERROR('BMP'!D37&" / "&'BMP'!E37,"") | F37: =SUMIFS('CDA'!$E$4:$E$53,'CDA'!$A$4:$A$53,'BMP'!C37,'CDA'!$C$4:$C$53,"Natural (Woods)") | G37: =SUMIFS('CDA'!$E$4:$E$53,'CDA'!$A$4:$A$53,'BMP'!C37,'CDA'!$C$4:$C$53,"Compacted (Open Space)") | H37: =SUMIFS('CDA'!$E$4:$E$53,'CDA'!$A$4:$A$53,'BMP'!C37,'CDA'!$C$4:$C$53,"Impervious Vehicular")+SUMIFS('CDA'!$E$4:$E$53,'CDA'!$A$4:$A$53,'BMP'!C37,'CDA'!$C$4:$C$53,"Impervious Non-Vehicular") | I37: =SUMIFS('CDA'!$E$4:$E$53,'CDA'!$A$4:$A$53,'BMP'!C37,'CDA'!$C$4:$C$53,"BMP") | J37: ='BMP'!AI37 | K37: ='BMP'!AM37
A38: =IF('BMP'!A38="","","BMP-"&TEXT(ROW()-3,"0")) | B38: ='BMP'!B38 | C38: =IFERROR(COUNTIF('BMP'!$B$4:$B$38,'BMP'!B38),"") | D38: ='BMP'!A38 | E38: =IFERROR('BMP'!D38&" / "&'BMP'!E38,"") | F38: =SUMIFS('CDA'!$E$4:$E$53,'CDA'!$A$4:$A$53,'BMP'!C38,'CDA'!$C$4:$C$53,"Natural (Woods)") | G38: =SUMIFS('CDA'!$E$4:$E$53,'CDA'!$A$4:$A$53,'BMP'!C38,'CDA'!$C$4:$C$53,"Compacted (Open Space)") | H38: =SUMIFS('CDA'!$E$4:$E$53,'CDA'!$A$4:$A$53,'BMP'!C38,'CDA'!$C$4:$C$53,"Impervious Vehicular")+SUMIFS('CDA'!$E$4:$E$53,'CDA'!$A$4:$A$53,'BMP'!C38,'CDA'!$C$4:$C$53,"Impervious Non-Vehicular") | I38: =SUMIFS('CDA'!$E$4:$E$53,'CDA'!$A$4:$A$53,'BMP'!C38,'CDA'!$C$4:$C$53,"BMP") | J38: ='BMP'!AI38 | K38: ='BMP'!AM38
A39: =IF('BMP'!A39="","","BMP-"&TEXT(ROW()-3,"0")) | B39: ='BMP'!B39 | C39: =IFERROR(COUNTIF('BMP'!$B$4:$B$39,'BMP'!B39),"") | D39: ='BMP'!A39 | E39: =IFERROR('BMP'!D39&" / "&'BMP'!E39,"") | F39: =SUMIFS('CDA'!$E$4:$E$53,'CDA'!$A$4:$A$53,'BMP'!C39,'CDA'!$C$4:$C$53,"Natural (Woods)") | G39: =SUMIFS('CDA'!$E$4:$E$53,'CDA'!$A$4:$A$53,'BMP'!C39,'CDA'!$C$4:$C$53,"Compacted (Open Space)") | H39: =SUMIFS('CDA'!$E$4:$E$53,'CDA'!$A$4:$A$53,'BMP'!C39,'CDA'!$C$4:$C$53,"Impervious Vehicular")+SUMIFS('CDA'!$E$4:$E$53,'CDA'!$A$4:$A$53,'BMP'!C39,'CDA'!$C$4:$C$53,"Impervious Non-Vehicular") | I39: =SUMIFS('CDA'!$E$4:$E$53,'CDA'!$A$4:$A$53,'BMP'!C39,'CDA'!$C$4:$C$53,"BMP") | J39: ='BMP'!AI39 | K39: ='BMP'!AM39
A40: =IF('BMP'!A40="","","BMP-"&TEXT(ROW()-3,"0")) | B40: ='BMP'!B40 | C40: =IFERROR(COUNTIF('BMP'!$B$4:$B$40,'BMP'!B40),"") | D40: ='BMP'!A40 | E40: =IFERROR('BMP'!D40&" / "&'BMP'!E40,"") | F40: =SUMIFS('CDA'!$E$4:$E$53,'CDA'!$A$4:$A$53,'BMP'!C40,'CDA'!$C$4:$C$53,"Natural (Woods)") | G40: =SUMIFS('CDA'!$E$4:$E$53,'CDA'!$A$4:$A$53,'BMP'!C40,'CDA'!$C$4:$C$53,"Compacted (Open Space)") | H40: =SUMIFS('CDA'!$E$4:$E$53,'CDA'!$A$4:$A$53,'BMP'!C40,'CDA'!$C$4:$C$53,"Impervious Vehicular")+SUMIFS('CDA'!$E$4:$E$53,'CDA'!$A$4:$A$53,'BMP'!C40,'CDA'!$C$4:$C$53,"Impervious Non-Vehicular") | I40: =SUMIFS('CDA'!$E$4:$E$53,'CDA'!$A$4:$A$53,'BMP'!C40,'CDA'!$C$4:$C$53,"BMP") | J40: ='BMP'!AI40 | K40: ='BMP'!AM40
A41: =IF('BMP'!A41="","","BMP-"&TEXT(ROW()-3,"0")) | B41: ='BMP'!B41 | C41: =IFERROR(COUNTIF('BMP'!$B$4:$B$41,'BMP'!B41),"") | D41: ='BMP'!A41 | E41: =IFERROR('BMP'!D41&" / "&'BMP'!E41,"") | F41: =SUMIFS('CDA'!$E$4:$E$53,'CDA'!$A$4:$A$53,'BMP'!C41,'CDA'!$C$4:$C$53,"Natural (Woods)") | G41: =SUMIFS('CDA'!$E$4:$E$53,'CDA'!$A$4:$A$53,'BMP'!C41,'CDA'!$C$4:$C$53,"Compacted (Open Space)") | H41: =SUMIFS('CDA'!$E$4:$E$53,'CDA'!$A$4:$A$53,'BMP'!C41,'CDA'!$C$4:$C$53,"Impervious Vehicular")+SUMIFS('CDA'!$E$4:$E$53,'CDA'!$A$4:$A$53,'BMP'!C41,'CDA'!$C$4:$C$53,"Impervious Non-Vehicular") | I41: =SUMIFS('CDA'!$E$4:$E$53,'CDA'!$A$4:$A$53,'BMP'!C41,'CDA'!$C$4:$C$53,"BMP") | J41: ='BMP'!AI41 | K41: ='BMP'!AM41
A42: =IF('BMP'!A42="","","BMP-"&TEXT(ROW()-3,"0")) | B42: ='BMP'!B42 | C42: =IFERROR(COUNTIF('BMP'!$B$4:$B$42,'BMP'!B42),"") | D42: ='BMP'!A42 | E42: =IFERROR('BMP'!D42&" / "&'BMP'!E42,"") | F42: =SUMIFS('CDA'!$E$4:$E$53,'CDA'!$A$4:$A$53,'BMP'!C42,'CDA'!$C$4:$C$53,"Natural (Woods)") | G42: =SUMIFS('CDA'!$E$4:$E$53,'CDA'!$A$4:$A$53,'BMP'!C42,'CDA'!$C$4:$C$53,"Compacted (Open Space)") | H42: =SUMIFS('CDA'!$E$4:$E$53,'CDA'!$A$4:$A$53,'BMP'!C42,'CDA'!$C$4:$C$53,"Impervious Vehicular")+SUMIFS('CDA'!$E$4:$E$53,'CDA'!$A$4:$A$53,'BMP'!C42,'CDA'!$C$4:$C$53,"Impervious Non-Vehicular") | I42: =SUMIFS('CDA'!$E$4:$E$53,'CDA'!$A$4:$A$53,'BMP'!C42,'CDA'!$C$4:$C$53,"BMP") | J42: ='BMP'!AI42 | K42: ='BMP'!AM42
A43: =IF('BMP'!A43="","","BMP-"&TEXT(ROW()-3,"0")) | B43: ='BMP'!B43 | C43: =IFERROR(COUNTIF('BMP'!$B$4:$B$43,'BMP'!B43),"") | D43: ='BMP'!A43 | E43: =IFERROR('BMP'!D43&" / "&'BMP'!E43,"") | F43: =SUMIFS('CDA'!$E$4:$E$53,'CDA'!$A$4:$A$53,'BMP'!C43,'CDA'!$C$4:$C$53,"Natural (Woods)") | G43: =SUMIFS('CDA'!$E$4:$E$53,'CDA'!$A$4:$A$53,'BMP'!C43,'CDA'!$C$4:$C$53,"Compacted (Open Space)") | H43: =SUMIFS('CDA'!$E$4:$E$53,'CDA'!$A$4:$A$53,'BMP'!C43,'CDA'!$C$4:$C$53,"Impervious Vehicular")+SUMIFS('CDA'!$E$4:$E$53,'CDA'!$A$4:$A$53,'BMP'!C43,'CDA'!$C$4:$C$53,"Impervious Non-Vehicular") | I43: =SUMIFS('CDA'!$E$4:$E$53,'CDA'!$A$4:$A$53,'BMP'!C43,'CDA'!$C$4:$C$53,"BMP") | J43: ='BMP'!AI43 | K43: ='BMP'!AM43
A44: =IF('BMP'!A44="","","BMP-"&TEXT(ROW()-3,"0")) | B44: ='BMP'!B44 | C44: =IFERROR(COUNTIF('BMP'!$B$4:$B$44,'BMP'!B44),"") | D44: ='BMP'!A44 | E44: =IFERROR('BMP'!D44&" / "&'BMP'!E44,"") | F44: =SUMIFS('CDA'!$E$4:$E$53,'CDA'!$A$4:$A$53,'BMP'!C44,'CDA'!$C$4:$C$53,"Natural (Woods)") | G44: =SUMIFS('CDA'!$E$4:$E$53,'CDA'!$A$4:$A$53,'BMP'!C44,'CDA'!$C$4:$C$53,"Compacted (Open Space)") | H44: =SUMIFS('CDA'!$E$4:$E$53,'CDA'!$A$4:$A$53,'BMP'!C44,'CDA'!$C$4:$C$53,"Impervious Vehicular")+SUMIFS('CDA'!$E$4:$E$53,'CDA'!$A$4:$A$53,'BMP'!C44,'CDA'!$C$4:$C$53,"Impervious Non-Vehicular") | I44: =SUMIFS('CDA'!$E$4:$E$53,'CDA'!$A$4:$A$53,'BMP'!C44,'CDA'!$C$4:$C$53,"BMP") | J44: ='BMP'!AI44 | K44: ='BMP'!AM44
A45: =IF('BMP'!A45="","","BMP-"&TEXT(ROW()-3,"0")) | B45: ='BMP'!B45 | C45: =IFERROR(COUNTIF('BMP'!$B$4:$B$45,'BMP'!B45),"") | D45: ='BMP'!A45 | E45: =IFERROR('BMP'!D45&" / "&'BMP'!E45,"") | F45: =SUMIFS('CDA'!$E$4:$E$53,'CDA'!$A$4:$A$53,'BMP'!C45,'CDA'!$C$4:$C$53,"Natural (Woods)") | G45: =SUMIFS('CDA'!$E$4:$E$53,'CDA'!$A$4:$A$53,'BMP'!C45,'CDA'!$C$4:$C$53,"Compacted (Open Space)") | H45: =SUMIFS('CDA'!$E$4:$E$53,'CDA'!$A$4:$A$53,'BMP'!C45,'CDA'!$C$4:$C$53,"Impervious Vehicular")+SUMIFS('CDA'!$E$4:$E$53,'CDA'!$A$4:$A$53,'BMP'!C45,'CDA'!$C$4:$C$53,"Impervious Non-Vehicular") | I45: =SUMIFS('CDA'!$E$4:$E$53,'CDA'!$A$4:$A$53,'BMP'!C45,'CDA'!$C$4:$C$53,"BMP") | J45: ='BMP'!AI45 | K45: ='BMP'!AM45
A46: =IF('BMP'!A46="","","BMP-"&TEXT(ROW()-3,"0")) | B46: ='BMP'!B46 | C46: =IFERROR(COUNTIF('BMP'!$B$4:$B$46,'BMP'!B46),"") | D46: ='BMP'!A46 | E46: =IFERROR('BMP'!D46&" / "&'BMP'!E46,"") | F46: =SUMIFS('CDA'!$E$4:$E$53,'CDA'!$A$4:$A$53,'BMP'!C46,'CDA'!$C$4:$C$53,"Natural (Woods)") | G46: =SUMIFS('CDA'!$E$4:$E$53,'CDA'!$A$4:$A$53,'BMP'!C46,'CDA'!$C$4:$C$53,"Compacted (Open Space)") | H46: =SUMIFS('CDA'!$E$4:$E$53,'CDA'!$A$4:$A$53,'BMP'!C46,'CDA'!$C$4:$C$53,"Impervious Vehicular")+SUMIFS('CDA'!$E$4:$E$53,'CDA'!$A$4:$A$53,'BMP'!C46,'CDA'!$C$4:$C$53,"Impervious Non-Vehicular") | I46: =SUMIFS('CDA'!$E$4:$E$53,'CDA'!$A$4:$A$53,'BMP'!C46,'CDA'!$C$4:$C$53,"BMP") | J46: ='BMP'!AI46 | K46: ='BMP'!AM46
A47: =IF('BMP'!A47="","","BMP-"&TEXT(ROW()-3,"0")) | B47: ='BMP'!B47 | C47: =IFERROR(COUNTIF('BMP'!$B$4:$B$47,'BMP'!B47),"") | D47: ='BMP'!A47 | E47: =IFERROR('BMP'!D47&" / "&'BMP'!E47,"") | F47: =SUMIFS('CDA'!$E$4:$E$53,'CDA'!$A$4:$A$53,'BMP'!C47,'CDA'!$C$4:$C$53,"Natural (Woods)") | G47: =SUMIFS('CDA'!$E$4:$E$53,'CDA'!$A$4:$A$53,'BMP'!C47,'CDA'!$C$4:$C$53,"Compacted (Open Space)") | H47: =SUMIFS('CDA'!$E$4:$E$53,'CDA'!$A$4:$A$53,'BMP'!C47,'CDA'!$C$4:$C$53,"Impervious Vehicular")+SUMIFS('CDA'!$E$4:$E$53,'CDA'!$A$4:$A$53,'BMP'!C47,'CDA'!$C$4:$C$53,"Impervious Non-Vehicular") | I47: =SUMIFS('CDA'!$E$4:$E$53,'CDA'!$A$4:$A$53,'BMP'!C47,'CDA'!$C$4:$C$53,"BMP") | J47: ='BMP'!AI47 | K47: ='BMP'!AM47
A48: =IF('BMP'!A48="","","BMP-"&TEXT(ROW()-3,"0")) | B48: ='BMP'!B48 | C48: =IFERROR(COUNTIF('BMP'!$B$4:$B$48,'BMP'!B48),"") | D48: ='BMP'!A48 | E48: =IFERROR('BMP'!D48&" / "&'BMP'!E48,"") | F48: =SUMIFS('CDA'!$E$4:$E$53,'CDA'!$A$4:$A$53,'BMP'!C48,'CDA'!$C$4:$C$53,"Natural (Woods)") | G48: =SUMIFS('CDA'!$E$4:$E$53,'CDA'!$A$4:$A$53,'BMP'!C48,'CDA'!$C$4:$C$53,"Compacted (Open Space)") | H48: =SUMIFS('CDA'!$E$4:$E$53,'CDA'!$A$4:$A$53,'BMP'!C48,'CDA'!$C$4:$C$53,"Impervious Vehicular")+SUMIFS('CDA'!$E$4:$E$53,'CDA'!$A$4:$A$53,'BMP'!C48,'CDA'!$C$4:$C$53,"Impervious Non-Vehicular") | I48: =SUMIFS('CDA'!$E$4:$E$53,'CDA'!$A$4:$A$53,'BMP'!C48,'CDA'!$C$4:$C$53,"BMP") | J48: ='BMP'!AI48 | K48: ='BMP'!AM48
A49: =IF('BMP'!A49="","","BMP-"&TEXT(ROW()-3,"0")) | B49: ='BMP'!B49 | C49: =IFERROR(COUNTIF('BMP'!$B$4:$B$49,'BMP'!B49),"") | D49: ='BMP'!A49 | E49: =IFERROR('BMP'!D49&" / "&'BMP'!E49,"") | F49: =SUMIFS('CDA'!$E$4:$E$53,'CDA'!$A$4:$A$53,'BMP'!C49,'CDA'!$C$4:$C$53,"Natural (Woods)") | G49: =SUMIFS('CDA'!$E$4:$E$53,'CDA'!$A$4:$A$53,'BMP'!C49,'CDA'!$C$4:$C$53,"Compacted (Open Space)") | H49: =SUMIFS('CDA'!$E$4:$E$53,'CDA'!$A$4:$A$53,'BMP'!C49,'CDA'!$C$4:$C$53,"Impervious Vehicular")+SUMIFS('CDA'!$E$4:$E$53,'CDA'!$A$4:$A$53,'BMP'!C49,'CDA'!$C$4:$C$53,"Impervious Non-Vehicular") | I49: =SUMIFS('CDA'!$E$4:$E$53,'CDA'!$A$4:$A$53,'BMP'!C49,'CDA'!$C$4:$C$53,"BMP") | J49: ='BMP'!AI49 | K49: ='BMP'!AM49
A50: =IF('BMP'!A50="","","BMP-"&TEXT(ROW()-3,"0")) | B50: ='BMP'!B50 | C50: =IFERROR(COUNTIF('BMP'!$B$4:$B$50,'BMP'!B50),"") | D50: ='BMP'!A50 | E50: =IFERROR('BMP'!D50&" / "&'BMP'!E50,"") | F50: =SUMIFS('CDA'!$E$4:$E$53,'CDA'!$A$4:$A$53,'BMP'!C50,'CDA'!$C$4:$C$53,"Natural (Woods)") | G50: =SUMIFS('CDA'!$E$4:$E$53,'CDA'!$A$4:$A$53,'BMP'!C50,'CDA'!$C$4:$C$53,"Compacted (Open Space)") | H50: =SUMIFS('CDA'!$E$4:$E$53,'CDA'!$A$4:$A$53,'BMP'!C50,'CDA'!$C$4:$C$53,"Impervious Vehicular")+SUMIFS('CDA'!$E$4:$E$53,'CDA'!$A$4:$A$53,'BMP'!C50,'CDA'!$C$4:$C$53,"Impervious Non-Vehicular") | I50: =SUMIFS('CDA'!$E$4:$E$53,'CDA'!$A$4:$A$53,'BMP'!C50,'CDA'!$C$4:$C$53,"BMP") | J50: ='BMP'!AI50 | K50: ='BMP'!AM50
A51: =IF('BMP'!A51="","","BMP-"&TEXT(ROW()-3,"0")) | B51: ='BMP'!B51 | C51: =IFERROR(COUNTIF('BMP'!$B$4:$B$51,'BMP'!B51),"") | D51: ='BMP'!A51 | E51: =IFERROR('BMP'!D51&" / "&'BMP'!E51,"") | F51: =SUMIFS('CDA'!$E$4:$E$53,'CDA'!$A$4:$A$53,'BMP'!C51,'CDA'!$C$4:$C$53,"Natural (Woods)") | G51: =SUMIFS('CDA'!$E$4:$E$53,'CDA'!$A$4:$A$53,'BMP'!C51,'CDA'!$C$4:$C$53,"Compacted (Open Space)") | H51: =SUMIFS('CDA'!$E$4:$E$53,'CDA'!$A$4:$A$53,'BMP'!C51,'CDA'!$C$4:$C$53,"Impervious Vehicular")+SUMIFS('CDA'!$E$4:$E$53,'CDA'!$A$4:$A$53,'BMP'!C51,'CDA'!$C$4:$C$53,"Impervious Non-Vehicular") | I51: =SUMIFS('CDA'!$E$4:$E$53,'CDA'!$A$4:$A$53,'BMP'!C51,'CDA'!$C$4:$C$53,"BMP") | J51: ='BMP'!AI51 | K51: ='BMP'!AM51
A52: =IF('BMP'!A52="","","BMP-"&TEXT(ROW()-3,"0")) | B52: ='BMP'!B52 | C52: =IFERROR(COUNTIF('BMP'!$B$4:$B$52,'BMP'!B52),"") | D52: ='BMP'!A52 | E52: =IFERROR('BMP'!D52&" / "&'BMP'!E52,"") | F52: =SUMIFS('CDA'!$E$4:$E$53,'CDA'!$A$4:$A$53,'BMP'!C52,'CDA'!$C$4:$C$53,"Natural (Woods)") | G52: =SUMIFS('CDA'!$E$4:$E$53,'CDA'!$A$4:$A$53,'BMP'!C52,'CDA'!$C$4:$C$53,"Compacted (Open Space)") | H52: =SUMIFS('CDA'!$E$4:$E$53,'CDA'!$A$4:$A$53,'BMP'!C52,'CDA'!$C$4:$C$53,"Impervious Vehicular")+SUMIFS('CDA'!$E$4:$E$53,'CDA'!$A$4:$A$53,'BMP'!C52,'CDA'!$C$4:$C$53,"Impervious Non-Vehicular") | I52: =SUMIFS('CDA'!$E$4:$E$53,'CDA'!$A$4:$A$53,'BMP'!C52,'CDA'!$C$4:$C$53,"BMP") | J52: ='BMP'!AI52 | K52: ='BMP'!AM52
A53: =IF('BMP'!A53="","","BMP-"&TEXT(ROW()-3,"0")) | B53: ='BMP'!B53 | C53: =IFERROR(COUNTIF('BMP'!$B$4:$B$53,'BMP'!B53),"") | D53: ='BMP'!A53 | E53: =IFERROR('BMP'!D53&" / "&'BMP'!E53,"") | F53: =SUMIFS('CDA'!$E$4:$E$53,'CDA'!$A$4:$A$53,'BMP'!C53,'CDA'!$C$4:$C$53,"Natural (Woods)") | G53: =SUMIFS('CDA'!$E$4:$E$53,'CDA'!$A$4:$A$53,'BMP'!C53,'CDA'!$C$4:$C$53,"Compacted (Open Space)") | H53: =SUMIFS('CDA'!$E$4:$E$53,'CDA'!$A$4:$A$53,'BMP'!C53,'CDA'!$C$4:$C$53,"Impervious Vehicular")+SUMIFS('CDA'!$E$4:$E$53,'CDA'!$A$4:$A$53,'BMP'!C53,'CDA'!$C$4:$C$53,"Impervious Non-Vehicular") | I53: =SUMIFS('CDA'!$E$4:$E$53,'CDA'!$A$4:$A$53,'BMP'!C53,'CDA'!$C$4:$C$53,"BMP") | J53: ='BMP'!AI53 | K53: ='BMP'!AM53

Sheet DOEE_DETENTION
A1: DOEE_DETENTION — Compliance Calc Sheet 3 mirror
A3: SDA Number | B3: Pre CN | C3: Post CN | D3: 2-yr Pre Q (in) | E3: 2-yr Post Q (in) | F3: 2-yr Det Req'd? | G3: 15-yr Pre Q (in) | H3: 15-yr Post Q (in) | I3: 15-yr Det Req'd?
A4: ='DOEE_SDA'!A4 | B4: =IFERROR(('DOEE_SDA'!C4*INDEX(PARAMS_DetentionCN,1,2)+'DOEE_SDA'!D4*INDEX(PARAMS_DetentionCN,2,2)+'DOEE_SDA'!E4*INDEX(PARAMS_DetentionCN,3,2)+'DOEE_SDA'!F4*INDEX(PARAMS_DetentionCN,4,2))/('DOEE_SDA'!C4+'DOEE_SDA'!D4+'DOEE_SDA'!E4+'DOEE_SDA'!F4),0) | C4: =IFERROR(('DOEE_SDA'!G4*INDEX(PARAMS_DetentionCN,1,2)+'DOEE_SDA'!H4*INDEX(PARAMS_DetentionCN,2,2)+'DOEE_SDA'!I4*INDEX(PARAMS_DetentionCN,3,2)+'DOEE_SDA'!J4*INDEX(PARAMS_DetentionCN,4,2))/('DOEE_SDA'!G4+'DOEE_SDA'!H4+'DOEE_SDA'!I4+'DOEE_SDA'!J4),0) | D4: =IFERROR(IF(INDEX(PARAMS_Detention,1,2)>0.2*(1000/B4-10),(INDEX(PARAMS_Detention,1,2)-0.2*(1000/B4-10))^2/(INDEX(PARAMS_Detention,1,2)+0.8*(1000/B4-10)),0),0) | E4: =IFERROR(IF(INDEX(PARAMS_Detention,1,2)>0.2*(1000/C4-10),(INDEX(PARAMS_Detention,1,2)-0.2*(1000/C4-10))^2/(INDEX(PARAMS_Detention,1,2)+0.8*(1000/C4-10)),0),0) | F4: =IF(E4>D4,"Yes","No") | G4: =IFERROR(IF(INDEX(PARAMS_Detention,2,2)>0.2*(1000/B4-10),(INDEX(PARAMS_Detention,2,2)-0.2*(1000/B4-10))^2/(INDEX(PARAMS_Detention,2,2)+0.8*(1000/B4-10)),0),0) | H4: =IFERROR(IF(INDEX(PARAMS_Detention,2,2)>0.2*(1000/C4-10),(INDEX(PARAMS_Detention,2,2)-0.2*(1000/C4-10))^2/(INDEX(PARAMS_Detention,2,2)+0.8*(1000/C4-10)),0),0) | I4: =IF(H4>G4,"Yes","No")
A5: ='DOEE_SDA'!A5 | B5: =IFERROR(('DOEE_SDA'!C5*INDEX(PARAMS_DetentionCN,1,2)+'DOEE_SDA'!D5*INDEX(PARAMS_DetentionCN,2,2)+'DOEE_SDA'!E5*INDEX(PARAMS_DetentionCN,3,2)+'DOEE_SDA'!F5*INDEX(PARAMS_DetentionCN,4,2))/('DOEE_SDA'!C5+'DOEE_SDA'!D5+'DOEE_SDA'!E5+'DOEE_SDA'!F5),0) | C5: =IFERROR(('DOEE_SDA'!G5*INDEX(PARAMS_DetentionCN,1,2)+'DOEE_SDA'!H5*INDEX(PARAMS_DetentionCN,2,2)+'DOEE_SDA'!I5*INDEX(PARAMS_DetentionCN,3,2)+'DOEE_SDA'!J5*INDEX(PARAMS_DetentionCN,4,2))/('DOEE_SDA'!G5+'DOEE_SDA'!H5+'DOEE_SDA'!I5+'DOEE_SDA'!J5),0) | D5: =IFERROR(IF(INDEX(PARAMS_Detention,1,2)>0.2*(1000/B5-10),(INDEX(PARAMS_Detention,1,2)-0.2*(1000/B5-10))^2/(INDEX(PARAMS_Detention,1,2)+0.8*(1000/B5-10)),0),0) | E5: =IFERROR(IF(INDEX(PARAMS_Detention,1,2)>0.2*(1000/C5-10),(INDEX(PARAMS_Detention,1,2)-0.2*(1000/C5-10))^2/(INDEX(PARAMS_Detention,1,2)+0.8*(1000/C5-10)),0),0) | F5: =IF(E5>D5,"Yes","No") | G5: =IFERROR(IF(INDEX(PARAMS_Detention,2,2)>0.2*(1000/B5-10),(INDEX(PARAMS_Detention,2,2)-0.2*(1000/B5-10))^2/(INDEX(PARAMS_Detention,2,2)+0.8*(1000/B5-10)),0),0) | H5: =IFERROR(IF(INDEX(PARAMS_Detention,2,2)>0.2*(1000/C5-10),(INDEX(PARAMS_Detention,2,2)-0.2*(1000/C5-10))^2/(INDEX(PARAMS_Detention,2,2)+0.8*(1000/C5-10)),0),0) | I5: =IF(H5>G5,"Yes","No")
A6: ='DOEE_SDA'!A6 | B6: =IFERROR(('DOEE_SDA'!C6*INDEX(PARAMS_DetentionCN,1,2)+'DOEE_SDA'!D6*INDEX(PARAMS_DetentionCN,2,2)+'DOEE_SDA'!E6*INDEX(PARAMS_DetentionCN,3,2)+'DOEE_SDA'!F6*INDEX(PARAMS_DetentionCN,4,2))/('DOEE_SDA'!C6+'DOEE_SDA'!D6+'DOEE_SDA'!E6+'DOEE_SDA'!F6),0) | C6: =IFERROR(('DOEE_SDA'!G6*INDEX(PARAMS_DetentionCN,1,2)+'DOEE_SDA'!H6*INDEX(PARAMS_DetentionCN,2,2)+'DOEE_SDA'!I6*INDEX(PARAMS_DetentionCN,3,2)+'DOEE_SDA'!J6*INDEX(PARAMS_DetentionCN,4,2))/('DOEE_SDA'!G6+'DOEE_SDA'!H6+'DOEE_SDA'!I6+'DOEE_SDA'!J6),0) | D6: =IFERROR(IF(INDEX(PARAMS_Detention,1,2)>0.2*(1000/B6-10),(INDEX(PARAMS_Detention,1,2)-0.2*(1000/B6-10))^2/(INDEX(PARAMS_Detention,1,2)+0.8*(1000/B6-10)),0),0) | E6: =IFERROR(IF(INDEX(PARAMS_Detention,1,2)>0.2*(1000/C6-10),(INDEX(PARAMS_Detention,1,2)-0.2*(1000/C6-10))^2/(INDEX(PARAMS_Detention,1,2)+0.8*(1000/C6-10)),0),0) | F6: =IF(E6>D6,"Yes","No") | G6: =IFERROR(IF(INDEX(PARAMS_Detention,2,2)>0.2*(1000/B6-10),(INDEX(PARAMS_Detention,2,2)-0.2*(1000/B6-10))^2/(INDEX(PARAMS_Detention,2,2)+0.8*(1000/B6-10)),0),0) | H6: =IFERROR(IF(INDEX(PARAMS_Detention,2,2)>0.2*(1000/C6-10),(INDEX(PARAMS_Detention,2,2)-0.2*(1000/C6-10))^2/(INDEX(PARAMS_Detention,2,2)+0.8*(1000/C6-10)),0),0) | I6: =IF(H6>G6,"Yes","No")
A7: ='DOEE_SDA'!A7 | B7: =IFERROR(('DOEE_SDA'!C7*INDEX(PARAMS_DetentionCN,1,2)+'DOEE_SDA'!D7*INDEX(PARAMS_DetentionCN,2,2)+'DOEE_SDA'!E7*INDEX(PARAMS_DetentionCN,3,2)+'DOEE_SDA'!F7*INDEX(PARAMS_DetentionCN,4,2))/('DOEE_SDA'!C7+'DOEE_SDA'!D7+'DOEE_SDA'!E7+'DOEE_SDA'!F7),0) | C7: =IFERROR(('DOEE_SDA'!G7*INDEX(PARAMS_DetentionCN,1,2)+'DOEE_SDA'!H7*INDEX(PARAMS_DetentionCN,2,2)+'DOEE_SDA'!I7*INDEX(PARAMS_DetentionCN,3,2)+'DOEE_SDA'!J7*INDEX(PARAMS_DetentionCN,4,2))/('DOEE_SDA'!G7+'DOEE_SDA'!H7+'DOEE_SDA'!I7+'DOEE_SDA'!J7),0) | D7: =IFERROR(IF(INDEX(PARAMS_Detention,1,2)>0.2*(1000/B7-10),(INDEX(PARAMS_Detention,1,2)-0.2*(1000/B7-10))^2/(INDEX(PARAMS_Detention,1,2)+0.8*(1000/B7-10)),0),0) | E7: =IFERROR(IF(INDEX(PARAMS_Detention,1,2)>0.2*(1000/C7-10),(INDEX(PARAMS_Detention,1,2)-0.2*(1000/C7-10))^2/(INDEX(PARAMS_Detention,1,2)+0.8*(1000/C7-10)),0),0) | F7: =IF(E7>D7,"Yes","No") | G7: =IFERROR(IF(INDEX(PARAMS_Detention,2,2)>0.2*(1000/B7-10),(INDEX(PARAMS_Detention,2,2)-0.2*(1000/B7-10))^2/(INDEX(PARAMS_Detention,2,2)+0.8*(1000/B7-10)),0),0) | H7: =IFERROR(IF(INDEX(PARAMS_Detention,2,2)>0.2*(1000/C7-10),(INDEX(PARAMS_Detention,2,2)-0.2*(1000/C7-10))^2/(INDEX(PARAMS_Detention,2,2)+0.8*(1000/C7-10)),0),0) | I7: =IF(H7>G7,"Yes","No")
A8: ='DOEE_SDA'!A8 | B8: =IFERROR(('DOEE_SDA'!C8*INDEX(PARAMS_DetentionCN,1,2)+'DOEE_SDA'!D8*INDEX(PARAMS_DetentionCN,2,2)+'DOEE_SDA'!E8*INDEX(PARAMS_DetentionCN,3,2)+'DOEE_SDA'!F8*INDEX(PARAMS_DetentionCN,4,2))/('DOEE_SDA'!C8+'DOEE_SDA'!D8+'DOEE_SDA'!E8+'DOEE_SDA'!F8),0) | C8: =IFERROR(('DOEE_SDA'!G8*INDEX(PARAMS_DetentionCN,1,2)+'DOEE_SDA'!H8*INDEX(PARAMS_DetentionCN,2,2)+'DOEE_SDA'!I8*INDEX(PARAMS_DetentionCN,3,2)+'DOEE_SDA'!J8*INDEX(PARAMS_DetentionCN,4,2))/('DOEE_SDA'!G8+'DOEE_SDA'!H8+'DOEE_SDA'!I8+'DOEE_SDA'!J8),0) | D8: =IFERROR(IF(INDEX(PARAMS_Detention,1,2)>0.2*(1000/B8-10),(INDEX(PARAMS_Detention,1,2)-0.2*(1000/B8-10))^2/(INDEX(PARAMS_Detention,1,2)+0.8*(1000/B8-10)),0),0) | E8: =IFERROR(IF(INDEX(PARAMS_Detention,1,2)>0.2*(1000/C8-10),(INDEX(PARAMS_Detention,1,2)-0.2*(1000/C8-10))^2/(INDEX(PARAMS_Detention,1,2)+0.8*(1000/C8-10)),0),0) | F8: =IF(E8>D8,"Yes","No") | G8: =IFERROR(IF(INDEX(PARAMS_Detention,2,2)>0.2*(1000/B8-10),(INDEX(PARAMS_Detention,2,2)-0.2*(1000/B8-10))^2/(INDEX(PARAMS_Detention,2,2)+0.8*(1000/B8-10)),0),0) | H8: =IFERROR(IF(INDEX(PARAMS_Detention,2,2)>0.2*(1000/C8-10),(INDEX(PARAMS_Detention,2,2)-0.2*(1000/C8-10))^2/(INDEX(PARAMS_Detention,2,2)+0.8*(1000/C8-10)),0),0) | I8: =IF(H8>G8,"Yes","No")
A9: ='DOEE_SDA'!A9 | B9: =IFERROR(('DOEE_SDA'!C9*INDEX(PARAMS_DetentionCN,1,2)+'DOEE_SDA'!D9*INDEX(PARAMS_DetentionCN,2,2)+'DOEE_SDA'!E9*INDEX(PARAMS_DetentionCN,3,2)+'DOEE_SDA'!F9*INDEX(PARAMS_DetentionCN,4,2))/('DOEE_SDA'!C9+'DOEE_SDA'!D9+'DOEE_SDA'!E9+'DOEE_SDA'!F9),0) | C9: =IFERROR(('DOEE_SDA'!G9*INDEX(PARAMS_DetentionCN,1,2)+'DOEE_SDA'!H9*INDEX(PARAMS_DetentionCN,2,2)+'DOEE_SDA'!I9*INDEX(PARAMS_DetentionCN,3,2)+'DOEE_SDA'!J9*INDEX(PARAMS_DetentionCN,4,2))/('DOEE_SDA'!G9+'DOEE_SDA'!H9+'DOEE_SDA'!I9+'DOEE_SDA'!J9),0) | D9: =IFERROR(IF(INDEX(PARAMS_Detention,1,2)>0.2*(1000/B9-10),(INDEX(PARAMS_Detention,1,2)-0.2*(1000/B9-10))^2/(INDEX(PARAMS_Detention,1,2)+0.8*(1000/B9-10)),0),0) | E9: =IFERROR(IF(INDEX(PARAMS_Detention,1,2)>0.2*(1000/C9-10),(INDEX(PARAMS_Detention,1,2)-0.2*(1000/C9-10))^2/(INDEX(PARAMS_Detention,1,2)+0.8*(1000/C9-10)),0),0) | F9: =IF(E9>D9,"Yes","No") | G9: =IFERROR(IF(INDEX(PARAMS_Detention,2,2)>0.2*(1000/B9-10),(INDEX(PARAMS_Detention,2,2)-0.2*(1000/B9-10))^2/(INDEX(PARAMS_Detention,2,2)+0.8*(1000/B9-10)),0),0) | H9: =IFERROR(IF(INDEX(PARAMS_Detention,2,2)>0.2*(1000/C9-10),(INDEX(PARAMS_Detention,2,2)-0.2*(1000/C9-10))^2/(INDEX(PARAMS_Detention,2,2)+0.8*(1000/C9-10)),0),0) | I9: =IF(H9>G9,"Yes","No")
A10: ='DOEE_SDA'!A10 | B10: =IFERROR(('DOEE_SDA'!C10*INDEX(PARAMS_DetentionCN,1,2)+'DOEE_SDA'!D10*INDEX(PARAMS_DetentionCN,2,2)+'DOEE_SDA'!E10*INDEX(PARAMS_DetentionCN,3,2)+'DOEE_SDA'!F10*INDEX(PARAMS_DetentionCN,4,2))/('DOEE_SDA'!C10+'DOEE_SDA'!D10+'DOEE_SDA'!E10+'DOEE_SDA'!F10),0) | C10: =IFERROR(('DOEE_SDA'!G10*INDEX(PARAMS_DetentionCN,1,2)+'DOEE_SDA'!H10*INDEX(PARAMS_DetentionCN,2,2)+'DOEE_SDA'!I10*INDEX(PARAMS_DetentionCN,3,2)+'DOEE_SDA'!J10*INDEX(PARAMS_DetentionCN,4,2))/('DOEE_SDA'!G10+'DOEE_SDA'!H10+'DOEE_SDA'!I10+'DOEE_SDA'!J10),0) | D10: =IFERROR(IF(INDEX(PARAMS_Detention,1,2)>0.2*(1000/B10-10),(INDEX(PARAMS_Detention,1,2)-0.2*(1000/B10-10))^2/(INDEX(PARAMS_Detention,1,2)+0.8*(1000/B10-10)),0),0) | E10: =IFERROR(IF(INDEX(PARAMS_Detention,1,2)>0.2*(1000/C10-10),(INDEX(PARAMS_Detention,1,2)-0.2*(1000/C10-10))^2/(INDEX(PARAMS_Detention,1,2)+0.8*(1000/C10-10)),0),0) | F10: =IF(E10>D10,"Yes","No") | G10: =IFERROR(IF(INDEX(PARAMS_Detention,2,2)>0.2*(1000/B10-10),(INDEX(PARAMS_Detention,2,2)-0.2*(1000/B10-10))^2/(INDEX(PARAMS_Detention,2,2)+0.8*(1000/B10-10)),0),0) | H10: =IFERROR(IF(INDEX(PARAMS_Detention,2,2)>0.2*(1000/C10-10),(INDEX(PARAMS_Detention,2,2)-0.2*(1000/C10-10))^2/(INDEX(PARAMS_Detention,2,2)+0.8*(1000/C10-10)),0),0) | I10: =IF(H10>G10,"Yes","No")
A11: ='DOEE_SDA'!A11 | B11: =IFERROR(('DOEE_SDA'!C11*INDEX(PARAMS_DetentionCN,1,2)+'DOEE_SDA'!D11*INDEX(PARAMS_DetentionCN,2,2)+'DOEE_SDA'!E11*INDEX(PARAMS_DetentionCN,3,2)+'DOEE_SDA'!F11*INDEX(PARAMS_DetentionCN,4,2))/('DOEE_SDA'!C11+'DOEE_SDA'!D11+'DOEE_SDA'!E11+'DOEE_SDA'!F11),0) | C11: =IFERROR(('DOEE_SDA'!G11*INDEX(PARAMS_DetentionCN,1,2)+'DOEE_SDA'!H11*INDEX(PARAMS_DetentionCN,2,2)+'DOEE_SDA'!I11*INDEX(PARAMS_DetentionCN,3,2)+'DOEE_SDA'!J11*INDEX(PARAMS_DetentionCN,4,2))/('DOEE_SDA'!G11+'DOEE_SDA'!H11+'DOEE_SDA'!I11+'DOEE_SDA'!J11),0) | D11: =IFERROR(IF(INDEX(PARAMS_Detention,1,2)>0.2*(1000/B11-10),(INDEX(PARAMS_Detention,1,2)-0.2*(1000/B11-10))^2/(INDEX(PARAMS_Detention,1,2)+0.8*(1000/B11-10)),0),0) | E11: =IFERROR(IF(INDEX(PARAMS_Detention,1,2)>0.2*(1000/C11-10),(INDEX(PARAMS_Detention,1,2)-0.2*(1000/C11-10))^2/(INDEX(PARAMS_Detention,1,2)+0.8*(1000/C11-10)),0),0) | F11: =IF(E11>D11,"Yes","No") | G11: =IFERROR(IF(INDEX(PARAMS_Detention,2,2)>0.2*(1000/B11-10),(INDEX(PARAMS_Detention,2,2)-0.2*(1000/B11-10))^2/(INDEX(PARAMS_Detention,2,2)+0.8*(1000/B11-10)),0),0) | H11: =IFERROR(IF(INDEX(PARAMS_Detention,2,2)>0.2*(1000/C11-10),(INDEX(PARAMS_Detention,2,2)-0.2*(1000/C11-10))^2/(INDEX(PARAMS_Detention,2,2)+0.8*(1000/C11-10)),0),0) | I11: =IF(H11>G11,"Yes","No")
A12: ='DOEE_SDA'!A12 | B12: =IFERROR(('DOEE_SDA'!C12*INDEX(PARAMS_DetentionCN,1,2)+'DOEE_SDA'!D12*INDEX(PARAMS_DetentionCN,2,2)+'DOEE_SDA'!E12*INDEX(PARAMS_DetentionCN,3,2)+'DOEE_SDA'!F12*INDEX(PARAMS_DetentionCN,4,2))/('DOEE_SDA'!C12+'DOEE_SDA'!D12+'DOEE_SDA'!E12+'DOEE_SDA'!F12),0) | C12: =IFERROR(('DOEE_SDA'!G12*INDEX(PARAMS_DetentionCN,1,2)+'DOEE_SDA'!H12*INDEX(PARAMS_DetentionCN,2,2)+'DOEE_SDA'!I12*INDEX(PARAMS_DetentionCN,3,2)+'DOEE_SDA'!J12*INDEX(PARAMS_DetentionCN,4,2))/('DOEE_SDA'!G12+'DOEE_SDA'!H12+'DOEE_SDA'!I12+'DOEE_SDA'!J12),0) | D12: =IFERROR(IF(INDEX(PARAMS_Detention,1,2)>0.2*(1000/B12-10),(INDEX(PARAMS_Detention,1,2)-0.2*(1000/B12-10))^2/(INDEX(PARAMS_Detention,1,2)+0.8*(1000/B12-10)),0),0) | E12: =IFERROR(IF(INDEX(PARAMS_Detention,1,2)>0.2*(1000/C12-10),(INDEX(PARAMS_Detention,1,2)-0.2*(1000/C12-10))^2/(INDEX(PARAMS_Detention,1,2)+0.8*(1000/C12-10)),0),0) | F12: =IF(E12>D12,"Yes","No") | G12: =IFERROR(IF(INDEX(PARAMS_Detention,2,2)>0.2*(1000/B12-10),(INDEX(PARAMS_Detention,2,2)-0.2*(1000/B12-10))^2/(INDEX(PARAMS_Detention,2,2)+0.8*(1000/B12-10)),0),0) | H12: =IFERROR(IF(INDEX(PARAMS_Detention,2,2)>0.2*(1000/C12-10),(INDEX(PARAMS_Detention,2,2)-0.2*(1000/C12-10))^2/(INDEX(PARAMS_Detention,2,2)+0.8*(1000/C12-10)),0),0) | I12: =IF(H12>G12,"Yes","No")
A13: ='DOEE_SDA'!A13 | B13: =IFERROR(('DOEE_SDA'!C13*INDEX(PARAMS_DetentionCN,1,2)+'DOEE_SDA'!D13*INDEX(PARAMS_DetentionCN,2,2)+'DOEE_SDA'!E13*INDEX(PARAMS_DetentionCN,3,2)+'DOEE_SDA'!F13*INDEX(PARAMS_DetentionCN,4,2))/('DOEE_SDA'!C13+'DOEE_SDA'!D13+'DOEE_SDA'!E13+'DOEE_SDA'!F13),0) | C13: =IFERROR(('DOEE_SDA'!G13*INDEX(PARAMS_DetentionCN,1,2)+'DOEE_SDA'!H13*INDEX(PARAMS_DetentionCN,2,2)+'DOEE_SDA'!I13*INDEX(PARAMS_DetentionCN,3,2)+'DOEE_SDA'!J13*INDEX(PARAMS_DetentionCN,4,2))/('DOEE_SDA'!G13+'DOEE_SDA'!H13+'DOEE_SDA'!I13+'DOEE_SDA'!J13),0) | D13: =IFERROR(IF(INDEX(PARAMS_Detention,1,2)>0.2*(1000/B13-10),(INDEX(PARAMS_Detention,1,2)-0.2*(1000/B13-10))^2/(INDEX(PARAMS_Detention,1,2)+0.8*(1000/B13-10)),0),0) | E13: =IFERROR(IF(INDEX(PARAMS_Detention,1,2)>0.2*(1000/C13-10),(INDEX(PARAMS_Detention,1,2)-0.2*(1000/C13-10))^2/(INDEX(PARAMS_Detention,1,2)+0.8*(1000/C13-10)),0),0) | F13: =IF(E13>D13,"Yes","No") | G13: =IFERROR(IF(INDEX(PARAMS_Detention,2,2)>0.2*(1000/B13-10),(INDEX(PARAMS_Detention,2,2)-0.2*(1000/B13-10))^2/(INDEX(PARAMS_Detention,2,2)+0.8*(1000/B13-10)),0),0) | H13: =IFERROR(IF(INDEX(PARAMS_Detention,2,2)>0.2*(1000/C13-10),(INDEX(PARAMS_Detention,2,2)-0.2*(1000/C13-10))^2/(INDEX(PARAMS_Detention,2,2)+0.8*(1000/C13-10)),0),0) | I13: =IF(H13>G13,"Yes","No")

Sheet DOEE_COMPLIANCE
A1: DOEE_COMPLIANCE — Final Pass/Fail Summary
A3: SDA Number | B3: SWRv Required (CF) | C3: Rv Provided (CF) | D3: % Met | E3: Status | F3: Detention Req'd?
A4: ='DOEE_SDA'!A4 | B4: ='DOEE_SDA'!L4 | C4: =SUMIFS('BMP'!$AM$4:$AM$53,'BMP'!$B$4:$B$53,A4) | D4: =IFERROR(C4/B4,0) | E4: =IF(B4=0,"—",IF(C4>=B4,"✓ PASS","✗ FAIL")) | F4: =IF(OR('DOEE_DETENTION'!F4="Yes",'DOEE_DETENTION'!I4="Yes"),"Yes","No")
A5: ='DOEE_SDA'!A5 | B5: ='DOEE_SDA'!L5 | C5: =SUMIFS('BMP'!$AM$4:$AM$53,'BMP'!$B$4:$B$53,A5) | D5: =IFERROR(C5/B5,0) | E5: =IF(B5=0,"—",IF(C5>=B5,"✓ PASS","✗ FAIL")) | F5: =IF(OR('DOEE_DETENTION'!F5="Yes",'DOEE_DETENTION'!I5="Yes"),"Yes","No")
A6: ='DOEE_SDA'!A6 | B6: ='DOEE_SDA'!L6 | C6: =SUMIFS('BMP'!$AM$4:$AM$53,'BMP'!$B$4:$B$53,A6) | D6: =IFERROR(C6/B6,0) | E6: =IF(B6=0,"—",IF(C6>=B6,"✓ PASS","✗ FAIL")) | F6: =IF(OR('DOEE_DETENTION'!F6="Yes",'DOEE_DETENTION'!I6="Yes"),"Yes","No")
A7: ='DOEE_SDA'!A7 | B7: ='DOEE_SDA'!L7 | C7: =SUMIFS('BMP'!$AM$4:$AM$53,'BMP'!$B$4:$B$53,A7) | D7: =IFERROR(C7/B7,0) | E7: =IF(B7=0,"—",IF(C7>=B7,"✓ PASS","✗ FAIL")) | F7: =IF(OR('DOEE_DETENTION'!F7="Yes",'DOEE_DETENTION'!I7="Yes"),"Yes","No")
A8: ='DOEE_SDA'!A8 | B8: ='DOEE_SDA'!L8 | C8: =SUMIFS('BMP'!$AM$4:$AM$53,'BMP'!$B$4:$B$53,A8) | D8: =IFERROR(C8/B8,0) | E8: =IF(B8=0,"—",IF(C8>=B8,"✓ PASS","✗ FAIL")) | F8: =IF(OR('DOEE_DETENTION'!F8="Yes",'DOEE_DETENTION'!I8="Yes"),"Yes","No")
A9: ='DOEE_SDA'!A9 | B9: ='DOEE_SDA'!L9 | C9: =SUMIFS('BMP'!$AM$4:$AM$53,'BMP'!$B$4:$B$53,A9) | D9: =IFERROR(C9/B9,0) | E9: =IF(B9=0,"—",IF(C9>=B9,"✓ PASS","✗ FAIL")) | F9: =IF(OR('DOEE_DETENTION'!F9="Yes",'DOEE_DETENTION'!I9="Yes"),"Yes","No")
A10: ='DOEE_SDA'!A10 | B10: ='DOEE_SDA'!L10 | C10: =SUMIFS('BMP'!$AM$4:$AM$53,'BMP'!$B$4:$B$53,A10) | D10: =IFERROR(C10/B10,0) | E10: =IF(B10=0,"—",IF(C10>=B10,"✓ PASS","✗ FAIL")) | F10: =IF(OR('DOEE_DETENTION'!F10="Yes",'DOEE_DETENTION'!I10="Yes"),"Yes","No")
A11: ='DOEE_SDA'!A11 | B11: ='DOEE_SDA'!L11 | C11: =SUMIFS('BMP'!$AM$4:$AM$53,'BMP'!$B$4:$B$53,A11) | D11: =IFERROR(C11/B11,0) | E11: =IF(B11=0,"—",IF(C11>=B11,"✓ PASS","✗ FAIL")) | F11: =IF(OR('DOEE_DETENTION'!F11="Yes",'DOEE_DETENTION'!I11="Yes"),"Yes","No")
A12: ='DOEE_SDA'!A12 | B12: ='DOEE_SDA'!L12 | C12: =SUMIFS('BMP'!$AM$4:$AM$53,'BMP'!$B$4:$B$53,A12) | D12: =IFERROR(C12/B12,0) | E12: =IF(B12=0,"—",IF(C12>=B12,"✓ PASS","✗ FAIL")) | F12: =IF(OR('DOEE_DETENTION'!F12="Yes",'DOEE_DETENTION'!I12="Yes"),"Yes","No")
A13: ='DOEE_SDA'!A13 | B13: ='DOEE_SDA'!L13 | C13: =SUMIFS('BMP'!$AM$4:$AM$53,'BMP'!$B$4:$B$53,A13) | D13: =IFERROR(C13/B13,0) | E13: =IF(B13=0,"—",IF(C13>=B13,"✓ PASS","✗ FAIL")) | F13: =IF(OR('DOEE_DETENTION'!F13="Yes",'DOEE_DETENTION'!I13="Yes"),"Yes","No")
A15: SITE TOTAL | B15: =SUM(B4:B13) | C15: =SUM(C4:C13) | D15: =IFERROR(C15/B15,0) | E15: =IF(C15>=B15,"✓ PASS","✗ FAIL")
